experiment_id,problem_type,timestamp,seed,n_cities,num_vehicles,p_layers,max_iter,momentum_mass,lmbda,exact_cost,exact_route,exact_time_sec,ground_state_energy,solver_name,quantum_cost,quantum_route,quantum_time_sec,approx_ratio,success_probability,evaluations_count
VRP_N4_Vehicles2_Layers=1_MaxIter=25_20260724_152434,VRP,20260724_152434,42,4,2,1,25,1.0,100.0,27.349999999999998,"{'1': [0, 1, 4, 2, 0], '2': [0, 3, 0]}",0.00027298927307128906,27.349999999999998,CV-VQE,627.98,"{'1': [0, 1, 2, 3, 4, 0], '2': [0, 0]}",1.6348559856414795,0.04355234243128762,1.0,26
VRP_N4_Vehicles3_Layers=1_MaxIter=25_20260724_152437,VRP,20260724_152437,42,4,3,1,25,1.0,100.0,32.980000000000004,"{'1': [0, 1, 0], '2': [0, 2, 4, 0], '3': [0, 3, 0]}",0.0003421306610107422,32.980000000000004,CV-VQE,627.98,"{'1': [0, 1, 2, 3, 4, 0], '2': [0, 0], '3': [0, 0]}",1.2769381999969482,0.05251759610178668,1.0,26
VRP_N4_Vehicles4_Layers=1_MaxIter=25_20260724_152439,VRP,20260724_152439,42,4,4,1,25,1.0,100.0,38.7,"{'1': [0, 1, 0], '2': [0, 2, 0], '3': [0, 3, 0], '4': [0, 4, 0]}",0.00017762184143066406,38.7,CV-VQE,627.98,"{'1': [0, 1, 2, 3, 4, 0], '2': [0, 0], '3': [0, 0], '4': [0, 0]}",1.2720801830291748,0.06162616643842161,1.0,26
VRP_N4_Vehicles5_Layers=1_MaxIter=25_20260724_152441,VRP,20260724_152441,42,4,5,1,25,1.0,100.0,inf,{},5.602836608886719e-05,inf,CV-VQE,627.98,"{'1': [0, 1, 2, 3, 4, 0], '2': [0, 0], '3': [0, 0], '4': [0, 0], '5': [0, 0]}",1.2821073532104492,inf,1.0,26
VRP_N4_Vehicles6_Layers=1_MaxIter=25_20260724_152443,VRP,20260724_152443,42,4,6,1,25,1.0,100.0,inf,{},3.6716461181640625e-05,inf,CV-VQE,627.98,"{'1': [0, 1, 2, 3, 4, 0], '2': [0, 0], '3': [0, 0], '4': [0, 0], '5': [0, 0], '6': [0, 0]}",1.2933149337768555,inf,1.0,26
VRP_N4_Vehicles2_Layers=2_MaxIter=25_20260724_152447,VRP,20260724_152447,42,4,2,2,25,1.0,100.0,27.349999999999998,"{'1': [0, 1, 4, 2, 0], '2': [0, 3, 0]}",0.0002713203430175781,27.349999999999998,CV-VQE,627.98,"{'1': [0, 1, 2, 3, 4, 0], '2': [0, 0]}",1.285801649093628,0.04355234243128762,1.0,26
VRP_N4_Vehicles3_Layers=2_MaxIter=25_20260724_152449,VRP,20260724_152449,42,4,3,2,25,1.0,100.0,32.980000000000004,"{'1': [0, 1, 0], '2': [0, 2, 4, 0], '3': [0, 3, 0]}",0.0003235340118408203,32.980000000000004,CV-VQE,627.98,"{'1': [0, 1, 2, 3, 4, 0], '2': [0, 0], '3': [0, 0]}",1.2800428867340088,0.05251759610178668,1.0,26
VRP_N4_Vehicles4_Layers=2_MaxIter=25_20260724_152451,VRP,20260724_152451,42,4,4,2,25,1.0,100.0,38.7,"{'1': [0, 1, 0], '2': [0, 2, 0], '3': [0, 3, 0], '4': [0, 4, 0]}",0.00019288063049316406,38.7,CV-VQE,627.98,"{'1': [0, 1, 2, 3, 4, 0], '2': [0, 0], '3': [0, 0], '4': [0, 0]}",1.273442029953003,0.06162616643842161,1.0,26
VRP_N4_Vehicles5_Layers=2_MaxIter=25_20260724_152453,VRP,20260724_152453,42,4,5,2,25,1.0,100.0,inf,{},5.4836273193359375e-05,inf,CV-VQE,627.98,"{'1': [0, 1, 2, 3, 4, 0], '2': [0, 0], '3': [0, 0], '4': [0, 0], '5': [0, 0]}",1.2717843055725098,inf,1.0,26
VRP_N4_Vehicles6_Layers=2_MaxIter=25_20260724_152455,VRP,20260724_152455,42,4,6,2,25,1.0,100.0,inf,{},3.790855407714844e-05,inf,CV-VQE,627.98,"{'1': [0, 1, 2, 3, 4, 0], '2': [0, 0], '3': [0, 0], '4': [0, 0], '5': [0, 0], '6': [0, 0]}",1.4663639068603516,inf,1.0,26
VRP_N4_Vehicles2_Layers=3_MaxIter=25_20260724_152459,VRP,20260724_152459,42,4,2,3,25,1.0,100.0,27.349999999999998,"{'1': [0, 1, 4, 2, 0], '2': [0, 3, 0]}",0.0002834796905517578,27.349999999999998,CV-VQE,627.98,"{'1': [0, 1, 2, 3, 4, 0], '2': [0, 0]}",1.284219741821289,0.04355234243128762,1.0,26
VRP_N4_Vehicles3_Layers=3_MaxIter=25_20260724_152501,VRP,20260724_152501,42,4,3,3,25,1.0,100.0,32.980000000000004,"{'1': [0, 1, 0], '2': [0, 2, 4, 0], '3': [0, 3, 0]}",0.0003120899200439453,32.980000000000004,CV-VQE,627.98,"{'1': [0, 1, 2, 3, 4, 0], '2': [0, 0], '3': [0, 0]}",1.2828631401062012,0.05251759610178668,1.0,26
VRP_N4_Vehicles4_Layers=3_MaxIter=25_20260724_152503,VRP,20260724_152503,42,4,4,3,25,1.0,100.0,38.7,"{'1': [0, 1, 0], '2': [0, 2, 0], '3': [0, 3, 0], '4': [0, 4, 0]}",0.0001533031463623047,38.7,CV-VQE,627.98,"{'1': [0, 1, 2, 3, 4, 0], '2': [0, 0], '3': [0, 0], '4': [0, 0]}",1.272094488143921,0.06162616643842161,1.0,26
VRP_N4_Vehicles5_Layers=3_MaxIter=25_20260724_152505,VRP,20260724_152505,42,4,5,3,25,1.0,100.0,inf,{},3.361701965332031e-05,inf,CV-VQE,627.98,"{'1': [0, 1, 2, 3, 4, 0], '2': [0, 0], '3': [0, 0], '4': [0, 0], '5': [0, 0]}",1.4128742218017578,inf,1.0,26
VRP_N4_Vehicles6_Layers=3_MaxIter=25_20260724_152507,VRP,20260724_152507,42,4,6,3,25,1.0,100.0,inf,{},3.266334533691406e-05,inf,CV-VQE,627.98,"{'1': [0, 1, 2, 3, 4, 0], '2': [0, 0], '3': [0, 0], '4': [0, 0], '5': [0, 0], '6': [0, 0]}",1.2685890197753906,inf,1.0,26
VRP_N4_Vehicles2_Layers=4_MaxIter=25_20260724_152511,VRP,20260724_152511,42,4,2,4,25,1.0,100.0,27.349999999999998,"{'1': [0, 1, 4, 2, 0], '2': [0, 3, 0]}",0.00025343894958496094,27.349999999999998,CV-VQE,627.98,"{'1': [0, 1, 2, 3, 4, 0], '2': [0, 0]}",1.2721197605133057,0.04355234243128762,1.0,26
VRP_N4_Vehicles3_Layers=4_MaxIter=25_20260724_152513,VRP,20260724_152513,42,4,3,4,25,1.0,100.0,32.980000000000004,"{'1': [0, 1, 0], '2': [0, 2, 4, 0], '3': [0, 3, 0]}",0.0003132820129394531,32.980000000000004,CV-VQE,627.98,"{'1': [0, 1, 2, 3, 4, 0], '2': [0, 0], '3': [0, 0]}",1.2676310539245605,0.05251759610178668,1.0,26
VRP_N4_Vehicles4_Layers=4_MaxIter=25_20260724_152515,VRP,20260724_152515,42,4,4,4,25,1.0,100.0,38.7,"{'1': [0, 1, 0], '2': [0, 2, 0], '3': [0, 3, 0], '4': [0, 4, 0]}",0.00015211105346679688,38.7,CV-VQE,627.98,"{'1': [0, 1, 2, 3, 4, 0], '2': [0, 0], '3': [0, 0], '4': [0, 0]}",1.2798006534576416,0.06162616643842161,1.0,26
VRP_N4_Vehicles5_Layers=4_MaxIter=25_20260724_152518,VRP,20260724_152518,42,4,5,4,25,1.0,100.0,inf,{},3.170967102050781e-05,inf,CV-VQE,627.98,"{'1': [0, 1, 2, 3, 4, 0], '2': [0, 0], '3': [0, 0], '4': [0, 0], '5': [0, 0]}",1.2762269973754883,inf,1.0,26
VRP_N4_Vehicles6_Layers=4_MaxIter=25_20260724_152520,VRP,20260724_152520,42,4,6,4,25,1.0,100.0,inf,{},3.266334533691406e-05,inf,CV-VQE,627.98,"{'1': [0, 1, 2, 3, 4, 0], '2': [0, 0], '3': [0, 0], '4': [0, 0], '5': [0, 0], '6': [0, 0]}",1.2762553691864014,inf,1.0,26
VRP_N4_Vehicles2_Layers=5_MaxIter=25_20260724_152523,VRP,20260724_152523,42,4,2,5,25,1.0,100.0,27.349999999999998,"{'1': [0, 1, 4, 2, 0], '2': [0, 3, 0]}",0.0002579689025878906,27.349999999999998,CV-VQE,627.98,"{'1': [0, 1, 2, 3, 4, 0], '2': [0, 0]}",1.2836167812347412,0.04355234243128762,1.0,26
VRP_N4_Vehicles3_Layers=5_MaxIter=25_20260724_152526,VRP,20260724_152526,42,4,3,5,25,1.0,100.0,32.980000000000004,"{'1': [0, 1, 0], '2': [0, 2, 4, 0], '3': [0, 3, 0]}",0.00031304359436035156,32.980000000000004,CV-VQE,627.98,"{'1': [0, 1, 2, 3, 4, 0], '2': [0, 0], '3': [0, 0]}",1.428006649017334,0.05251759610178668,1.0,26
VRP_N4_Vehicles4_Layers=5_MaxIter=25_20260724_152528,VRP,20260724_152528,42,4,4,5,25,1.0,100.0,38.7,"{'1': [0, 1, 0], '2': [0, 2, 0], '3': [0, 3, 0], '4': [0, 4, 0]}",0.00015664100646972656,38.7,CV-VQE,627.98,"{'1': [0, 1, 2, 3, 4, 0], '2': [0, 0], '3': [0, 0], '4': [0, 0]}",1.2752079963684082,0.06162616643842161,1.0,26
VRP_N4_Vehicles5_Layers=5_MaxIter=25_20260724_152530,VRP,20260724_152530,42,4,5,5,25,1.0,100.0,inf,{},4.076957702636719e-05,inf,CV-VQE,627.98,"{'1': [0, 1, 2, 3, 4, 0], '2': [0, 0], '3': [0, 0], '4': [0, 0], '5': [0, 0]}",1.2737751007080078,inf,1.0,26
VRP_N4_Vehicles6_Layers=5_MaxIter=25_20260724_152532,VRP,20260724_152532,42,4,6,5,25,1.0,100.0,inf,{},3.218650817871094e-05,inf,CV-VQE,627.98,"{'1': [0, 1, 2, 3, 4, 0], '2': [0, 0], '3': [0, 0], '4': [0, 0], '5': [0, 0], '6': [0, 0]}",1.272113561630249,inf,1.0,26
VRP_N4_Vehicles2_Layers=1_MaxIter=50_20260724_152537,VRP,20260724_152537,42,4,2,1,50,1.0,100.0,27.349999999999998,"{'1': [0, 1, 4, 2, 0], '2': [0, 3, 0]}",0.0002701282501220703,27.349999999999998,CV-VQE,627.98,"{'1': [0, 1, 2, 3, 4, 0], '2': [0, 0]}",2.616943359375,0.04355234243128762,1.0,51
VRP_N4_Vehicles3_Layers=1_MaxIter=50_20260724_152540,VRP,20260724_152540,42,4,3,1,50,1.0,100.0,32.980000000000004,"{'1': [0, 1, 0], '2': [0, 2, 4, 0], '3': [0, 3, 0]}",0.0003228187561035156,32.980000000000004,CV-VQE,627.98,"{'1': [0, 1, 2, 3, 4, 0], '2': [0, 0], '3': [0, 0]}",2.479100465774536,0.05251759610178668,1.0,51
VRP_N4_Vehicles4_Layers=1_MaxIter=50_20260724_152543,VRP,20260724_152543,42,4,4,1,50,1.0,100.0,38.7,"{'1': [0, 1, 0], '2': [0, 2, 0], '3': [0, 3, 0], '4': [0, 4, 0]}",0.00017118453979492188,38.7,CV-VQE,627.98,"{'1': [0, 1, 2, 3, 4, 0], '2': [0, 0], '3': [0, 0], '4': [0, 0]}",2.4842114448547363,0.06162616643842161,1.0,51
VRP_N4_Vehicles5_Layers=1_MaxIter=50_20260724_152547,VRP,20260724_152547,42,4,5,1,50,1.0,100.0,inf,{},5.5789947509765625e-05,inf,CV-VQE,627.98,"{'1': [0, 1, 2, 3, 4, 0], '2': [0, 0], '3': [0, 0], '4': [0, 0], '5': [0, 0]}",2.651681423187256,inf,1.0,51
VRP_N4_Vehicles6_Layers=1_MaxIter=50_20260724_152550,VRP,20260724_152550,42,4,6,1,50,1.0,100.0,inf,{},5.91278076171875e-05,inf,CV-VQE,627.98,"{'1': [0, 1, 2, 3, 4, 0], '2': [0, 0], '3': [0, 0], '4': [0, 0], '5': [0, 0], '6': [0, 0]}",2.4641647338867188,inf,1.0,51
VRP_N4_Vehicles2_Layers=2_MaxIter=50_20260724_152555,VRP,20260724_152555,42,4,2,2,50,1.0,100.0,27.349999999999998,"{'1': [0, 1, 4, 2, 0], '2': [0, 3, 0]}",0.0002536773681640625,27.349999999999998,CV-VQE,627.98,"{'1': [0, 1, 2, 3, 4, 0], '2': [0, 0]}",2.4666013717651367,0.04355234243128762,1.0,51
VRP_N4_Vehicles3_Layers=2_MaxIter=50_20260724_152558,VRP,20260724_152558,42,4,3,2,50,1.0,100.0,32.980000000000004,"{'1': [0, 1, 0], '2': [0, 2, 4, 0], '3': [0, 3, 0]}",0.00031304359436035156,32.980000000000004,CV-VQE,627.98,"{'1': [0, 1, 2, 3, 4, 0], '2': [0, 0], '3': [0, 0]}",2.6497983932495117,0.05251759610178668,1.0,51
VRP_N4_Vehicles4_Layers=2_MaxIter=50_20260724_152602,VRP,20260724_152602,42,4,4,2,50,1.0,100.0,38.7,"{'1': [0, 1, 0], '2': [0, 2, 0], '3': [0, 3, 0], '4': [0, 4, 0]}",0.0001506805419921875,38.7,CV-VQE,627.98,"{'1': [0, 1, 2, 3, 4, 0], '2': [0, 0], '3': [0, 0], '4': [0, 0]}",2.4850854873657227,0.06162616643842161,1.0,51
VRP_N4_Vehicles5_Layers=2_MaxIter=50_20260724_152605,VRP,20260724_152605,42,4,5,2,50,1.0,100.0,inf,{},3.1948089599609375e-05,inf,CV-VQE,627.98,"{'1': [0, 1, 2, 3, 4, 0], '2': [0, 0], '3': [0, 0], '4': [0, 0], '5': [0, 0]}",2.481468677520752,inf,1.0,51
VRP_N4_Vehicles6_Layers=2_MaxIter=50_20260724_152608,VRP,20260724_152608,42,4,6,2,50,1.0,100.0,inf,{},3.1948089599609375e-05,inf,CV-VQE,627.98,"{'1': [0, 1, 2, 3, 4, 0], '2': [0, 0], '3': [0, 0], '4': [0, 0], '5': [0, 0], '6': [0, 0]}",2.483016014099121,inf,1.0,51
VRP_N4_Vehicles2_Layers=3_MaxIter=50_20260724_152614,VRP,20260724_152614,42,4,2,3,50,1.0,100.0,27.349999999999998,"{'1': [0, 1, 4, 2, 0], '2': [0, 3, 0]}",0.00026607513427734375,27.349999999999998,CV-VQE,627.98,"{'1': [0, 1, 2, 3, 4, 0], '2': [0, 0]}",2.4817728996276855,0.04355234243128762,1.0,51
VRP_N4_Vehicles3_Layers=3_MaxIter=50_20260724_152617,VRP,20260724_152617,42,4,3,3,50,1.0,100.0,32.980000000000004,"{'1': [0, 1, 0], '2': [0, 2, 4, 0], '3': [0, 3, 0]}",0.000308990478515625,32.980000000000004,CV-VQE,627.98,"{'1': [0, 1, 2, 3, 4, 0], '2': [0, 0], '3': [0, 0]}",2.4769344329833984,0.05251759610178668,1.0,51
VRP_N4_Vehicles4_Layers=3_MaxIter=50_20260724_152620,VRP,20260724_152620,42,4,4,3,50,1.0,100.0,38.7,"{'1': [0, 1, 0], '2': [0, 2, 0], '3': [0, 3, 0], '4': [0, 4, 0]}",0.00015473365783691406,38.7,CV-VQE,627.98,"{'1': [0, 1, 2, 3, 4, 0], '2': [0, 0], '3': [0, 0], '4': [0, 0]}",2.4836385250091553,0.06162616643842161,1.0,51
VRP_N4_Vehicles5_Layers=3_MaxIter=50_20260724_152624,VRP,20260724_152624,42,4,5,3,50,1.0,100.0,inf,{},3.170967102050781e-05,inf,CV-VQE,627.98,"{'1': [0, 1, 2, 3, 4, 0], '2': [0, 0], '3': [0, 0], '4': [0, 0], '5': [0, 0]}",2.6376302242279053,inf,1.0,51
VRP_N4_Vehicles6_Layers=3_MaxIter=50_20260724_152627,VRP,20260724_152627,42,4,6,3,50,1.0,100.0,inf,{},3.600120544433594e-05,inf,CV-VQE,627.98,"{'1': [0, 1, 2, 3, 4, 0], '2': [0, 0], '3': [0, 0], '4': [0, 0], '5': [0, 0], '6': [0, 0]}",2.485836982727051,inf,1.0,51
VRP_N4_Vehicles2_Layers=4_MaxIter=50_20260724_152632,VRP,20260724_152632,42,4,2,4,50,1.0,100.0,27.349999999999998,"{'1': [0, 1, 4, 2, 0], '2': [0, 3, 0]}",0.00027298927307128906,27.349999999999998,CV-VQE,627.98,"{'1': [0, 1, 2, 3, 4, 0], '2': [0, 0]}",2.493252992630005,0.04355234243128762,1.0,51
VRP_N4_Vehicles3_Layers=4_MaxIter=50_20260724_152636,VRP,20260724_152636,42,4,3,4,50,1.0,100.0,32.980000000000004,"{'1': [0, 1, 0], '2': [0, 2, 4, 0], '3': [0, 3, 0]}",0.0003108978271484375,32.980000000000004,CV-VQE,627.98,"{'1': [0, 1, 2, 3, 4, 0], '2': [0, 0], '3': [0, 0]}",2.4712653160095215,0.05251759610178668,1.0,51
VRP_N4_Vehicles4_Layers=4_MaxIter=50_20260724_152639,VRP,20260724_152639,42,4,4,4,50,1.0,100.0,38.7,"{'1': [0, 1, 0], '2': [0, 2, 0], '3': [0, 3, 0], '4': [0, 4, 0]}",0.00015354156494140625,38.7,CV-VQE,627.98,"{'1': [0, 1, 2, 3, 4, 0], '2': [0, 0], '3': [0, 0], '4': [0, 0]}",2.4770760536193848,0.06162616643842161,1.0,51
VRP_N4_Vehicles5_Layers=4_MaxIter=50_20260724_152643,VRP,20260724_152643,42,4,5,4,50,1.0,100.0,inf,{},3.2901763916015625e-05,inf,CV-VQE,627.98,"{'1': [0, 1, 2, 3, 4, 0], '2': [0, 0], '3': [0, 0], '4': [0, 0], '5': [0, 0]}",2.4835762977600098,inf,1.0,51
VRP_N4_Vehicles6_Layers=4_MaxIter=50_20260724_152646,VRP,20260724_152646,42,4,6,4,50,1.0,100.0,inf,{},3.170967102050781e-05,inf,CV-VQE,627.98,"{'1': [0, 1, 2, 3, 4, 0], '2': [0, 0], '3': [0, 0], '4': [0, 0], '5': [0, 0], '6': [0, 0]}",2.6262776851654053,inf,1.0,51
VRP_N4_Vehicles2_Layers=5_MaxIter=50_20260724_152652,VRP,20260724_152652,42,4,2,5,50,1.0,100.0,27.349999999999998,"{'1': [0, 1, 4, 2, 0], '2': [0, 3, 0]}",0.00026226043701171875,27.349999999999998,CV-VQE,627.98,"{'1': [0, 1, 2, 3, 4, 0], '2': [0, 0]}",2.498904228210449,0.04355234243128762,1.0,51
VRP_N4_Vehicles3_Layers=5_MaxIter=50_20260724_152655,VRP,20260724_152655,42,4,3,5,50,1.0,100.0,32.980000000000004,"{'1': [0, 1, 0], '2': [0, 2, 4, 0], '3': [0, 3, 0]}",0.00032210350036621094,32.980000000000004,CV-VQE,627.98,"{'1': [0, 1, 2, 3, 4, 0], '2': [0, 0], '3': [0, 0]}",2.4899184703826904,0.05251759610178668,1.0,51
VRP_N4_Vehicles4_Layers=5_MaxIter=50_20260724_152658,VRP,20260724_152658,42,4,4,5,50,1.0,100.0,38.7,"{'1': [0, 1, 0], '2': [0, 2, 0], '3': [0, 3, 0], '4': [0, 4, 0]}",0.0001513957977294922,38.7,CV-VQE,627.98,"{'1': [0, 1, 2, 3, 4, 0], '2': [0, 0], '3': [0, 0], '4': [0, 0]}",2.6694388389587402,0.06162616643842161,1.0,51
VRP_N4_Vehicles5_Layers=5_MaxIter=50_20260724_152702,VRP,20260724_152702,42,4,5,5,50,1.0,100.0,inf,{},4.792213439941406e-05,inf,CV-VQE,627.98,"{'1': [0, 1, 2, 3, 4, 0], '2': [0, 0], '3': [0, 0], '4': [0, 0], '5': [0, 0]}",2.5340356826782227,inf,1.0,51
VRP_N4_Vehicles6_Layers=5_MaxIter=50_20260724_152705,VRP,20260724_152705,42,4,6,5,50,1.0,100.0,inf,{},3.719329833984375e-05,inf,CV-VQE,627.98,"{'1': [0, 1, 2, 3, 4, 0], '2': [0, 0], '3': [0, 0], '4': [0, 0], '5': [0, 0], '6': [0, 0]}",2.507009506225586,inf,1.0,51
VRP_N4_Vehicles2_Layers=1_MaxIter=75_20260724_152711,VRP,20260724_152711,42,4,2,1,75,1.0,100.0,27.349999999999998,"{'1': [0, 1, 4, 2, 0], '2': [0, 3, 0]}",0.00028061866760253906,27.349999999999998,CV-VQE,627.98,"{'1': [0, 1, 2, 3, 4, 0], '2': [0, 0]}",3.9040212631225586,0.04355234243128762,1.0,76
VRP_N4_Vehicles3_Layers=1_MaxIter=75_20260724_152716,VRP,20260724_152716,42,4,3,1,75,1.0,100.0,32.980000000000004,"{'1': [0, 1, 0], '2': [0, 2, 4, 0], '3': [0, 3, 0]}",0.0003132820129394531,32.980000000000004,CV-VQE,627.98,"{'1': [0, 1, 2, 3, 4, 0], '2': [0, 0], '3': [0, 0]}",3.7388689517974854,0.05251759610178668,1.0,76
VRP_N4_Vehicles4_Layers=1_MaxIter=75_20260724_152720,VRP,20260724_152720,42,4,4,1,75,1.0,100.0,38.7,"{'1': [0, 1, 0], '2': [0, 2, 0], '3': [0, 3, 0], '4': [0, 4, 0]}",0.0001709461212158203,38.7,CV-VQE,627.98,"{'1': [0, 1, 2, 3, 4, 0], '2': [0, 0], '3': [0, 0], '4': [0, 0]}",3.732133388519287,0.06162616643842161,1.0,76
VRP_N4_Vehicles5_Layers=1_MaxIter=75_20260724_152725,VRP,20260724_152725,42,4,5,1,75,1.0,100.0,inf,{},3.1948089599609375e-05,inf,CV-VQE,627.98,"{'1': [0, 1, 2, 3, 4, 0], '2': [0, 0], '3': [0, 0], '4': [0, 0], '5': [0, 0]}",3.735133647918701,inf,1.0,76
VRP_N4_Vehicles6_Layers=1_MaxIter=75_20260724_152730,VRP,20260724_152730,42,4,6,1,75,1.0,100.0,inf,{},3.170967102050781e-05,inf,CV-VQE,627.98,"{'1': [0, 1, 2, 3, 4, 0], '2': [0, 0], '3': [0, 0], '4': [0, 0], '5': [0, 0], '6': [0, 0]}",3.7318310737609863,inf,1.0,76
VRP_N4_Vehicles2_Layers=2_MaxIter=75_20260724_152736,VRP,20260724_152736,42,4,2,2,75,1.0,100.0,27.349999999999998,"{'1': [0, 1, 4, 2, 0], '2': [0, 3, 0]}",0.00028586387634277344,27.349999999999998,CV-VQE,627.98,"{'1': [0, 1, 2, 3, 4, 0], '2': [0, 0]}",3.864375352859497,0.04355234243128762,1.0,76
VRP_N4_Vehicles3_Layers=2_MaxIter=75_20260724_152741,VRP,20260724_152741,42,4,3,2,75,1.0,100.0,32.980000000000004,"{'1': [0, 1, 0], '2': [0, 2, 4, 0], '3': [0, 3, 0]}",0.0003161430358886719,32.980000000000004,CV-VQE,627.98,"{'1': [0, 1, 2, 3, 4, 0], '2': [0, 0], '3': [0, 0]}",3.72452712059021,0.05251759610178668,1.0,76
VRP_N4_Vehicles4_Layers=2_MaxIter=75_20260724_152745,VRP,20260724_152745,42,4,4,2,75,1.0,100.0,38.7,"{'1': [0, 1, 0], '2': [0, 2, 0], '3': [0, 3, 0], '4': [0, 4, 0]}",0.00016379356384277344,38.7,CV-VQE,627.98,"{'1': [0, 1, 2, 3, 4, 0], '2': [0, 0], '3': [0, 0], '4': [0, 0]}",3.753023624420166,0.06162616643842161,1.0,76
VRP_N4_Vehicles5_Layers=2_MaxIter=75_20260724_152750,VRP,20260724_152750,42,4,5,2,75,1.0,100.0,inf,{},3.9577484130859375e-05,inf,CV-VQE,627.98,"{'1': [0, 1, 2, 3, 4, 0], '2': [0, 0], '3': [0, 0], '4': [0, 0], '5': [0, 0]}",3.803560495376587,inf,1.0,76
VRP_N4_Vehicles6_Layers=2_MaxIter=75_20260724_152755,VRP,20260724_152755,42,4,6,2,75,1.0,100.0,inf,{},3.409385681152344e-05,inf,CV-VQE,627.98,"{'1': [0, 1, 2, 3, 4, 0], '2': [0, 0], '3': [0, 0], '4': [0, 0], '5': [0, 0], '6': [0, 0]}",3.7728652954101562,inf,1.0,76
VRP_N4_Vehicles2_Layers=3_MaxIter=75_20260724_152801,VRP,20260724_152801,42,4,2,3,75,1.0,100.0,27.349999999999998,"{'1': [0, 1, 4, 2, 0], '2': [0, 3, 0]}",0.0002818107604980469,27.349999999999998,CV-VQE,627.98,"{'1': [0, 1, 2, 3, 4, 0], '2': [0, 0]}",3.9464995861053467,0.04355234243128762,1.0,76
VRP_N4_Vehicles3_Layers=3_MaxIter=75_20260724_152806,VRP,20260724_152806,42,4,3,3,75,1.0,100.0,32.980000000000004,"{'1': [0, 1, 0], '2': [0, 2, 4, 0], '3': [0, 3, 0]}",0.0003192424774169922,32.980000000000004,CV-VQE,627.98,"{'1': [0, 1, 2, 3, 4, 0], '2': [0, 0], '3': [0, 0]}",3.7926549911499023,0.05251759610178668,1.0,76
VRP_N4_Vehicles4_Layers=3_MaxIter=75_20260724_152810,VRP,20260724_152810,42,4,4,3,75,1.0,100.0,38.7,"{'1': [0, 1, 0], '2': [0, 2, 0], '3': [0, 3, 0], '4': [0, 4, 0]}",0.00015163421630859375,38.7,CV-VQE,627.98,"{'1': [0, 1, 2, 3, 4, 0], '2': [0, 0], '3': [0, 0], '4': [0, 0]}",3.695244789123535,0.06162616643842161,1.0,76
VRP_N4_Vehicles5_Layers=3_MaxIter=75_20260724_152815,VRP,20260724_152815,42,4,5,3,75,1.0,100.0,inf,{},3.2901763916015625e-05,inf,CV-VQE,627.98,"{'1': [0, 1, 2, 3, 4, 0], '2': [0, 0], '3': [0, 0], '4': [0, 0], '5': [0, 0]}",3.831334352493286,inf,1.0,76
VRP_N4_Vehicles6_Layers=3_MaxIter=75_20260724_152820,VRP,20260724_152820,42,4,6,3,75,1.0,100.0,inf,{},3.266334533691406e-05,inf,CV-VQE,627.98,"{'1': [0, 1, 2, 3, 4, 0], '2': [0, 0], '3': [0, 0], '4': [0, 0], '5': [0, 0], '6': [0, 0]}",3.6946029663085938,inf,1.0,76
VRP_N4_Vehicles2_Layers=4_MaxIter=75_20260724_152826,VRP,20260724_152826,42,4,2,4,75,1.0,100.0,27.349999999999998,"{'1': [0, 1, 4, 2, 0], '2': [0, 3, 0]}",0.0002815723419189453,27.349999999999998,CV-VQE,627.98,"{'1': [0, 1, 2, 3, 4, 0], '2': [0, 0]}",3.949528455734253,0.04355234243128762,1.0,76
VRP_N4_Vehicles3_Layers=4_MaxIter=75_20260724_152831,VRP,20260724_152831,42,4,3,4,75,1.0,100.0,32.980000000000004,"{'1': [0, 1, 0], '2': [0, 2, 4, 0], '3': [0, 3, 0]}",0.0003147125244140625,32.980000000000004,CV-VQE,627.98,"{'1': [0, 1, 2, 3, 4, 0], '2': [0, 0], '3': [0, 0]}",3.8244469165802,0.05251759610178668,1.0,76
VRP_N4_Vehicles4_Layers=4_MaxIter=75_20260724_152836,VRP,20260724_152836,42,4,4,4,75,1.0,100.0,38.7,"{'1': [0, 1, 0], '2': [0, 2, 0], '3': [0, 3, 0], '4': [0, 4, 0]}",0.0001518726348876953,38.7,CV-VQE,627.98,"{'1': [0, 1, 2, 3, 4, 0], '2': [0, 0], '3': [0, 0], '4': [0, 0]}",3.7980635166168213,0.06162616643842161,1.0,76
VRP_N4_Vehicles5_Layers=4_MaxIter=75_20260724_152840,VRP,20260724_152840,42,4,5,4,75,1.0,100.0,inf,{},3.9577484130859375e-05,inf,CV-VQE,627.98,"{'1': [0, 1, 2, 3, 4, 0], '2': [0, 0], '3': [0, 0], '4': [0, 0], '5': [0, 0]}",3.798990249633789,inf,1.0,76
VRP_N4_Vehicles6_Layers=4_MaxIter=75_20260724_152845,VRP,20260724_152845,42,4,6,4,75,1.0,100.0,inf,{},3.457069396972656e-05,inf,CV-VQE,627.98,"{'1': [0, 1, 2, 3, 4, 0], '2': [0, 0], '3': [0, 0], '4': [0, 0], '5': [0, 0], '6': [0, 0]}",3.8094122409820557,inf,1.0,76
VRP_N4_Vehicles2_Layers=5_MaxIter=75_20260724_152852,VRP,20260724_152852,42,4,2,5,75,1.0,100.0,27.349999999999998,"{'1': [0, 1, 4, 2, 0], '2': [0, 3, 0]}",0.0002918243408203125,27.349999999999998,CV-VQE,627.98,"{'1': [0, 1, 2, 3, 4, 0], '2': [0, 0]}",3.832345485687256,0.04355234243128762,1.0,76
VRP_N4_Vehicles3_Layers=5_MaxIter=75_20260724_152856,VRP,20260724_152856,42,4,3,5,75,1.0,100.0,32.980000000000004,"{'1': [0, 1, 0], '2': [0, 2, 4, 0], '3': [0, 3, 0]}",0.00034117698669433594,32.980000000000004,CV-VQE,627.98,"{'1': [0, 1, 2, 3, 4, 0], '2': [0, 0], '3': [0, 0]}",3.71553111076355,0.05251759610178668,1.0,76
VRP_N4_Vehicles4_Layers=5_MaxIter=75_20260724_152901,VRP,20260724_152901,42,4,4,5,75,1.0,100.0,38.7,"{'1': [0, 1, 0], '2': [0, 2, 0], '3': [0, 3, 0], '4': [0, 4, 0]}",0.0002110004425048828,38.7,CV-VQE,627.98,"{'1': [0, 1, 2, 3, 4, 0], '2': [0, 0], '3': [0, 0], '4': [0, 0]}",3.71353816986084,0.06162616643842161,1.0,76
VRP_N4_Vehicles5_Layers=5_MaxIter=75_20260724_152906,VRP,20260724_152906,42,4,5,5,75,1.0,100.0,inf,{},4.220008850097656e-05,inf,CV-VQE,627.98,"{'1': [0, 1, 2, 3, 4, 0], '2': [0, 0], '3': [0, 0], '4': [0, 0], '5': [0, 0]}",3.844616413116455,inf,1.0,76
VRP_N4_Vehicles6_Layers=5_MaxIter=75_20260724_152910,VRP,20260724_152910,42,4,6,5,75,1.0,100.0,inf,{},3.147125244140625e-05,inf,CV-VQE,627.98,"{'1': [0, 1, 2, 3, 4, 0], '2': [0, 0], '3': [0, 0], '4': [0, 0], '5': [0, 0], '6': [0, 0]}",3.7169911861419678,inf,1.0,76
VRP_N4_Vehicles2_Layers=1_MaxIter=100_20260724_152917,VRP,20260724_152917,42,4,2,1,100,1.0,100.0,27.349999999999998,"{'1': [0, 1, 4, 2, 0], '2': [0, 3, 0]}",0.0002913475036621094,27.349999999999998,CV-VQE,627.98,"{'1': [0, 1, 2, 3, 4, 0], '2': [0, 0]}",5.093873739242554,0.04355234243128762,1.0,101
VRP_N4_Vehicles3_Layers=1_MaxIter=100_20260724_152923,VRP,20260724_152923,42,4,3,1,100,1.0,100.0,32.980000000000004,"{'1': [0, 1, 0], '2': [0, 2, 4, 0], '3': [0, 3, 0]}",0.000308990478515625,32.980000000000004,CV-VQE,627.98,"{'1': [0, 1, 2, 3, 4, 0], '2': [0, 0], '3': [0, 0]}",4.935239791870117,0.05251759610178668,1.0,101
VRP_N4_Vehicles4_Layers=1_MaxIter=100_20260724_152929,VRP,20260724_152929,42,4,4,1,100,1.0,100.0,38.7,"{'1': [0, 1, 0], '2': [0, 2, 0], '3': [0, 3, 0], '4': [0, 4, 0]}",0.0001659393310546875,38.7,CV-VQE,627.98,"{'1': [0, 1, 2, 3, 4, 0], '2': [0, 0], '3': [0, 0], '4': [0, 0]}",4.9296875,0.06162616643842161,1.0,101
VRP_N4_Vehicles5_Layers=1_MaxIter=100_20260724_152935,VRP,20260724_152935,42,4,5,1,100,1.0,100.0,inf,{},3.337860107421875e-05,inf,CV-VQE,627.98,"{'1': [0, 1, 2, 3, 4, 0], '2': [0, 0], '3': [0, 0], '4': [0, 0], '5': [0, 0]}",4.940870523452759,inf,1.0,101
VRP_N4_Vehicles6_Layers=1_MaxIter=100_20260724_152941,VRP,20260724_152941,42,4,6,1,100,1.0,100.0,inf,{},3.4332275390625e-05,inf,CV-VQE,627.98,"{'1': [0, 1, 2, 3, 4, 0], '2': [0, 0], '3': [0, 0], '4': [0, 0], '5': [0, 0], '6': [0, 0]}",4.968429088592529,inf,1.0,101
VRP_N4_Vehicles2_Layers=2_MaxIter=100_20260724_152949,VRP,20260724_152949,42,4,2,2,100,1.0,100.0,27.349999999999998,"{'1': [0, 1, 4, 2, 0], '2': [0, 3, 0]}",0.0002620220184326172,27.349999999999998,CV-VQE,627.98,"{'1': [0, 1, 2, 3, 4, 0], '2': [0, 0]}",4.912541627883911,0.04355234243128762,1.0,101
VRP_N4_Vehicles3_Layers=2_MaxIter=100_20260724_152954,VRP,20260724_152954,42,4,3,2,100,1.0,100.0,32.980000000000004,"{'1': [0, 1, 0], '2': [0, 2, 4, 0], '3': [0, 3, 0]}",0.0003120899200439453,32.980000000000004,CV-VQE,627.98,"{'1': [0, 1, 2, 3, 4, 0], '2': [0, 0], '3': [0, 0]}",4.893955230712891,0.05251759610178668,1.0,101
VRP_N4_Vehicles4_Layers=2_MaxIter=100_20260724_153000,VRP,20260724_153000,42,4,4,2,100,1.0,100.0,38.7,"{'1': [0, 1, 0], '2': [0, 2, 0], '3': [0, 3, 0], '4': [0, 4, 0]}",0.00016546249389648438,38.7,CV-VQE,627.98,"{'1': [0, 1, 2, 3, 4, 0], '2': [0, 0], '3': [0, 0], '4': [0, 0]}",4.899904251098633,0.06162616643842161,1.0,101
VRP_N4_Vehicles5_Layers=2_MaxIter=100_20260724_153006,VRP,20260724_153006,42,4,5,2,100,1.0,100.0,inf,{},3.1948089599609375e-05,inf,CV-VQE,627.98,"{'1': [0, 1, 2, 3, 4, 0], '2': [0, 0], '3': [0, 0], '4': [0, 0], '5': [0, 0]}",4.901081562042236,inf,1.0,101
VRP_N4_Vehicles6_Layers=2_MaxIter=100_20260724_153012,VRP,20260724_153012,42,4,6,2,100,1.0,100.0,inf,{},3.266334533691406e-05,inf,CV-VQE,627.98,"{'1': [0, 1, 2, 3, 4, 0], '2': [0, 0], '3': [0, 0], '4': [0, 0], '5': [0, 0], '6': [0, 0]}",5.031252145767212,inf,1.0,101
VRP_N4_Vehicles2_Layers=3_MaxIter=100_20260724_153020,VRP,20260724_153020,42,4,2,3,100,1.0,100.0,27.349999999999998,"{'1': [0, 1, 4, 2, 0], '2': [0, 3, 0]}",0.0003037452697753906,27.349999999999998,CV-VQE,627.98,"{'1': [0, 1, 2, 3, 4, 0], '2': [0, 0]}",4.9904091358184814,0.04355234243128762,1.0,101
VRP_N4_Vehicles3_Layers=3_MaxIter=100_20260724_153025,VRP,20260724_153025,42,4,3,3,100,1.0,100.0,32.980000000000004,"{'1': [0, 1, 0], '2': [0, 2, 4, 0], '3': [0, 3, 0]}",0.0003235340118408203,32.980000000000004,CV-VQE,627.98,"{'1': [0, 1, 2, 3, 4, 0], '2': [0, 0], '3': [0, 0]}",5.127690553665161,0.05251759610178668,1.0,101
VRP_N4_Vehicles4_Layers=3_MaxIter=100_20260724_153031,VRP,20260724_153031,42,4,4,3,100,1.0,100.0,38.7,"{'1': [0, 1, 0], '2': [0, 2, 0], '3': [0, 3, 0], '4': [0, 4, 0]}",0.00016379356384277344,38.7,CV-VQE,627.98,"{'1': [0, 1, 2, 3, 4, 0], '2': [0, 0], '3': [0, 0], '4': [0, 0]}",4.98318076133728,0.06162616643842161,1.0,101
VRP_N4_Vehicles5_Layers=3_MaxIter=100_20260724_153037,VRP,20260724_153037,42,4,5,3,100,1.0,100.0,inf,{},3.719329833984375e-05,inf,CV-VQE,627.98,"{'1': [0, 1, 2, 3, 4, 0], '2': [0, 0], '3': [0, 0], '4': [0, 0], '5': [0, 0]}",5.0961151123046875,inf,1.0,101
VRP_N4_Vehicles6_Layers=3_MaxIter=100_20260724_153043,VRP,20260724_153043,42,4,6,3,100,1.0,100.0,inf,{},5.054473876953125e-05,inf,CV-VQE,627.98,"{'1': [0, 1, 2, 3, 4, 0], '2': [0, 0], '3': [0, 0], '4': [0, 0], '5': [0, 0], '6': [0, 0]}",4.971938610076904,inf,1.0,101
VRP_N4_Vehicles2_Layers=4_MaxIter=100_20260724_153051,VRP,20260724_153051,42,4,2,4,100,1.0,100.0,27.349999999999998,"{'1': [0, 1, 4, 2, 0], '2': [0, 3, 0]}",0.000308990478515625,27.349999999999998,CV-VQE,627.98,"{'1': [0, 1, 2, 3, 4, 0], '2': [0, 0]}",4.933534383773804,0.04355234243128762,1.0,101
VRP_N4_Vehicles3_Layers=4_MaxIter=100_20260724_153057,VRP,20260724_153057,42,4,3,4,100,1.0,100.0,32.980000000000004,"{'1': [0, 1, 0], '2': [0, 2, 4, 0], '3': [0, 3, 0]}",0.00033211708068847656,32.980000000000004,CV-VQE,627.98,"{'1': [0, 1, 2, 3, 4, 0], '2': [0, 0], '3': [0, 0]}",4.938158273696899,0.05251759610178668,1.0,101
VRP_N4_Vehicles4_Layers=4_MaxIter=100_20260724_153103,VRP,20260724_153103,42,4,4,4,100,1.0,100.0,38.7,"{'1': [0, 1, 0], '2': [0, 2, 0], '3': [0, 3, 0], '4': [0, 4, 0]}",0.00018334388732910156,38.7,CV-VQE,627.98,"{'1': [0, 1, 2, 3, 4, 0], '2': [0, 0], '3': [0, 0], '4': [0, 0]}",4.924526214599609,0.06162616643842161,1.0,101
VRP_N4_Vehicles5_Layers=4_MaxIter=100_20260724_153109,VRP,20260724_153109,42,4,5,4,100,1.0,100.0,inf,{},4.267692565917969e-05,inf,CV-VQE,627.98,"{'1': [0, 1, 2, 3, 4, 0], '2': [0, 0], '3': [0, 0], '4': [0, 0], '5': [0, 0]}",5.078685283660889,inf,1.0,101
VRP_N4_Vehicles6_Layers=4_MaxIter=100_20260724_153114,VRP,20260724_153114,42,4,6,4,100,1.0,100.0,inf,{},4.38690185546875e-05,inf,CV-VQE,627.98,"{'1': [0, 1, 2, 3, 4, 0], '2': [0, 0], '3': [0, 0], '4': [0, 0], '5': [0, 0], '6': [0, 0]}",4.946237564086914,inf,1.0,101
VRP_N4_Vehicles2_Layers=5_MaxIter=100_20260724_153123,VRP,20260724_153123,42,4,2,5,100,1.0,100.0,27.349999999999998,"{'1': [0, 1, 4, 2, 0], '2': [0, 3, 0]}",0.00025963783264160156,27.349999999999998,CV-VQE,627.98,"{'1': [0, 1, 2, 3, 4, 0], '2': [0, 0]}",5.067471027374268,0.04355234243128762,1.0,101
VRP_N4_Vehicles3_Layers=5_MaxIter=100_20260724_153128,VRP,20260724_153128,42,4,3,5,100,1.0,100.0,32.980000000000004,"{'1': [0, 1, 0], '2': [0, 2, 4, 0], '3': [0, 3, 0]}",0.0003304481506347656,32.980000000000004,CV-VQE,627.98,"{'1': [0, 1, 2, 3, 4, 0], '2': [0, 0], '3': [0, 0]}",4.9104461669921875,0.05251759610178668,1.0,101
VRP_N4_Vehicles4_Layers=5_MaxIter=100_20260724_153134,VRP,20260724_153134,42,4,4,5,100,1.0,100.0,38.7,"{'1': [0, 1, 0], '2': [0, 2, 0], '3': [0, 3, 0], '4': [0, 4, 0]}",0.00016641616821289062,38.7,CV-VQE,627.98,"{'1': [0, 1, 2, 3, 4, 0], '2': [0, 0], '3': [0, 0], '4': [0, 0]}",5.043411493301392,0.06162616643842161,1.0,101
VRP_N4_Vehicles5_Layers=5_MaxIter=100_20260724_153140,VRP,20260724_153140,42,4,5,5,100,1.0,100.0,inf,{},4.00543212890625e-05,inf,CV-VQE,627.98,"{'1': [0, 1, 2, 3, 4, 0], '2': [0, 0], '3': [0, 0], '4': [0, 0], '5': [0, 0]}",4.909852504730225,inf,1.0,101
VRP_N4_Vehicles6_Layers=5_MaxIter=100_20260724_153146,VRP,20260724_153146,42,4,6,5,100,1.0,100.0,inf,{},4.363059997558594e-05,inf,CV-VQE,627.98,"{'1': [0, 1, 2, 3, 4, 0], '2': [0, 0], '3': [0, 0], '4': [0, 0], '5': [0, 0], '6': [0, 0]}",5.046318769454956,inf,1.0,101
VRP_N4_Vehicles2_Layers=1_MaxIter=125_20260724_153154,VRP,20260724_153154,42,4,2,1,125,1.0,100.0,27.349999999999998,"{'1': [0, 1, 4, 2, 0], '2': [0, 3, 0]}",0.0002701282501220703,27.349999999999998,CV-VQE,627.98,"{'1': [0, 1, 2, 3, 4, 0], '2': [0, 0]}",6.131364345550537,0.04355234243128762,1.0,126
VRP_N4_Vehicles3_Layers=1_MaxIter=125_20260724_153201,VRP,20260724_153201,42,4,3,1,125,1.0,100.0,32.980000000000004,"{'1': [0, 1, 0], '2': [0, 2, 4, 0], '3': [0, 3, 0]}",0.0003304481506347656,32.980000000000004,CV-VQE,627.98,"{'1': [0, 1, 2, 3, 4, 0], '2': [0, 0], '3': [0, 0]}",6.277657747268677,0.05251759610178668,1.0,126
VRP_N4_Vehicles4_Layers=1_MaxIter=125_20260724_153208,VRP,20260724_153208,42,4,4,1,125,1.0,100.0,38.7,"{'1': [0, 1, 0], '2': [0, 2, 0], '3': [0, 3, 0], '4': [0, 4, 0]}",0.00022077560424804688,38.7,CV-VQE,627.98,"{'1': [0, 1, 2, 3, 4, 0], '2': [0, 0], '3': [0, 0], '4': [0, 0]}",6.143744945526123,0.06162616643842161,1.0,126
VRP_N4_Vehicles5_Layers=1_MaxIter=125_20260724_153215,VRP,20260724_153215,42,4,5,1,125,1.0,100.0,inf,{},3.266334533691406e-05,inf,CV-VQE,627.98,"{'1': [0, 1, 2, 3, 4, 0], '2': [0, 0], '3': [0, 0], '4': [0, 0], '5': [0, 0]}",6.258521556854248,inf,1.0,126
VRP_N4_Vehicles6_Layers=1_MaxIter=125_20260724_153222,VRP,20260724_153222,42,4,6,1,125,1.0,100.0,inf,{},4.315376281738281e-05,inf,CV-VQE,627.98,"{'1': [0, 1, 2, 3, 4, 0], '2': [0, 0], '3': [0, 0], '4': [0, 0], '5': [0, 0], '6': [0, 0]}",6.117072343826294,inf,1.0,126
VRP_N4_Vehicles2_Layers=2_MaxIter=125_20260724_153231,VRP,20260724_153231,42,4,2,2,125,1.0,100.0,27.349999999999998,"{'1': [0, 1, 4, 2, 0], '2': [0, 3, 0]}",0.00028252601623535156,27.349999999999998,CV-VQE,627.98,"{'1': [0, 1, 2, 3, 4, 0], '2': [0, 0]}",6.1210432052612305,0.04355234243128762,1.0,126
VRP_N4_Vehicles3_Layers=2_MaxIter=125_20260724_153238,VRP,20260724_153238,42,4,3,2,125,1.0,100.0,32.980000000000004,"{'1': [0, 1, 0], '2': [0, 2, 4, 0], '3': [0, 3, 0]}",0.00033736228942871094,32.980000000000004,CV-VQE,627.98,"{'1': [0, 1, 2, 3, 4, 0], '2': [0, 0], '3': [0, 0]}",6.108548641204834,0.05251759610178668,1.0,126
VRP_N4_Vehicles4_Layers=2_MaxIter=125_20260724_153245,VRP,20260724_153245,42,4,4,2,125,1.0,100.0,38.7,"{'1': [0, 1, 0], '2': [0, 2, 0], '3': [0, 3, 0], '4': [0, 4, 0]}",0.0001621246337890625,38.7,CV-VQE,627.98,"{'1': [0, 1, 2, 3, 4, 0], '2': [0, 0], '3': [0, 0], '4': [0, 0]}",6.1144468784332275,0.06162616643842161,1.0,126
VRP_N4_Vehicles5_Layers=2_MaxIter=125_20260724_153252,VRP,20260724_153252,42,4,5,2,125,1.0,100.0,inf,{},4.076957702636719e-05,inf,CV-VQE,627.98,"{'1': [0, 1, 2, 3, 4, 0], '2': [0, 0], '3': [0, 0], '4': [0, 0], '5': [0, 0]}",6.1068034172058105,inf,1.0,126
VRP_N4_Vehicles6_Layers=2_MaxIter=125_20260724_153259,VRP,20260724_153259,42,4,6,2,125,1.0,100.0,inf,{},3.981590270996094e-05,inf,CV-VQE,627.98,"{'1': [0, 1, 2, 3, 4, 0], '2': [0, 0], '3': [0, 0], '4': [0, 0], '5': [0, 0], '6': [0, 0]}",6.121150970458984,inf,1.0,126
VRP_N4_Vehicles2_Layers=3_MaxIter=125_20260724_153309,VRP,20260724_153309,42,4,2,3,125,1.0,100.0,27.349999999999998,"{'1': [0, 1, 4, 2, 0], '2': [0, 3, 0]}",0.0002658367156982422,27.349999999999998,CV-VQE,627.98,"{'1': [0, 1, 2, 3, 4, 0], '2': [0, 0]}",6.28840708732605,0.04355234243128762,1.0,126
VRP_N4_Vehicles3_Layers=3_MaxIter=125_20260724_153316,VRP,20260724_153316,42,4,3,3,125,1.0,100.0,32.980000000000004,"{'1': [0, 1, 0], '2': [0, 2, 4, 0], '3': [0, 3, 0]}",0.00030875205993652344,32.980000000000004,CV-VQE,627.98,"{'1': [0, 1, 2, 3, 4, 0], '2': [0, 0], '3': [0, 0]}",6.118152618408203,0.05251759610178668,1.0,126
VRP_N4_Vehicles4_Layers=3_MaxIter=125_20260724_153323,VRP,20260724_153323,42,4,4,3,125,1.0,100.0,38.7,"{'1': [0, 1, 0], '2': [0, 2, 0], '3': [0, 3, 0], '4': [0, 4, 0]}",0.0002391338348388672,38.7,CV-VQE,627.98,"{'1': [0, 1, 2, 3, 4, 0], '2': [0, 0], '3': [0, 0], '4': [0, 0]}",6.241291046142578,0.06162616643842161,1.0,126
VRP_N4_Vehicles5_Layers=3_MaxIter=125_20260724_153330,VRP,20260724_153330,42,4,5,3,125,1.0,100.0,inf,{},3.24249267578125e-05,inf,CV-VQE,627.98,"{'1': [0, 1, 2, 3, 4, 0], '2': [0, 0], '3': [0, 0], '4': [0, 0], '5': [0, 0]}",6.115630626678467,inf,1.0,126
VRP_N4_Vehicles6_Layers=3_MaxIter=125_20260724_153337,VRP,20260724_153337,42,4,6,3,125,1.0,100.0,inf,{},3.147125244140625e-05,inf,CV-VQE,627.98,"{'1': [0, 1, 2, 3, 4, 0], '2': [0, 0], '3': [0, 0], '4': [0, 0], '5': [0, 0], '6': [0, 0]}",6.27527379989624,inf,1.0,126
VRP_N4_Vehicles2_Layers=4_MaxIter=125_20260724_153346,VRP,20260724_153346,42,4,2,4,125,1.0,100.0,27.349999999999998,"{'1': [0, 1, 4, 2, 0], '2': [0, 3, 0]}",0.0002810955047607422,27.349999999999998,CV-VQE,627.98,"{'1': [0, 1, 2, 3, 4, 0], '2': [0, 0]}",6.124295234680176,0.04355234243128762,1.0,126
VRP_N4_Vehicles3_Layers=4_MaxIter=125_20260724_153353,VRP,20260724_153353,42,4,3,4,125,1.0,100.0,32.980000000000004,"{'1': [0, 1, 0], '2': [0, 2, 4, 0], '3': [0, 3, 0]}",0.00033164024353027344,32.980000000000004,CV-VQE,627.98,"{'1': [0, 1, 2, 3, 4, 0], '2': [0, 0], '3': [0, 0]}",6.272291421890259,0.05251759610178668,1.0,126
VRP_N4_Vehicles4_Layers=4_MaxIter=125_20260724_153400,VRP,20260724_153400,42,4,4,4,125,1.0,100.0,38.7,"{'1': [0, 1, 0], '2': [0, 2, 0], '3': [0, 3, 0], '4': [0, 4, 0]}",0.0001571178436279297,38.7,CV-VQE,627.98,"{'1': [0, 1, 2, 3, 4, 0], '2': [0, 0], '3': [0, 0], '4': [0, 0]}",6.114304542541504,0.06162616643842161,1.0,126
VRP_N4_Vehicles5_Layers=4_MaxIter=125_20260724_153407,VRP,20260724_153407,42,4,5,4,125,1.0,100.0,inf,{},3.3855438232421875e-05,inf,CV-VQE,627.98,"{'1': [0, 1, 2, 3, 4, 0], '2': [0, 0], '3': [0, 0], '4': [0, 0], '5': [0, 0]}",6.29350471496582,inf,1.0,126
VRP_N4_Vehicles6_Layers=4_MaxIter=125_20260724_153414,VRP,20260724_153414,42,4,6,4,125,1.0,100.0,inf,{},3.695487976074219e-05,inf,CV-VQE,627.98,"{'1': [0, 1, 2, 3, 4, 0], '2': [0, 0], '3': [0, 0], '4': [0, 0], '5': [0, 0], '6': [0, 0]}",6.1238696575164795,inf,1.0,126
VRP_N4_Vehicles2_Layers=5_MaxIter=125_20260724_153424,VRP,20260724_153424,42,4,2,5,125,1.0,100.0,27.349999999999998,"{'1': [0, 1, 4, 2, 0], '2': [0, 3, 0]}",0.0003044605255126953,27.349999999999998,CV-VQE,627.98,"{'1': [0, 1, 2, 3, 4, 0], '2': [0, 0]}",6.257297515869141,0.04355234243128762,1.0,126
VRP_N4_Vehicles3_Layers=5_MaxIter=125_20260724_153431,VRP,20260724_153431,42,4,3,5,125,1.0,100.0,32.980000000000004,"{'1': [0, 1, 0], '2': [0, 2, 4, 0], '3': [0, 3, 0]}",0.00030541419982910156,32.980000000000004,CV-VQE,627.98,"{'1': [0, 1, 2, 3, 4, 0], '2': [0, 0], '3': [0, 0]}",6.106220483779907,0.05251759610178668,1.0,126
VRP_N4_Vehicles4_Layers=5_MaxIter=125_20260724_153438,VRP,20260724_153438,42,4,4,5,125,1.0,100.0,38.7,"{'1': [0, 1, 0], '2': [0, 2, 0], '3': [0, 3, 0], '4': [0, 4, 0]}",0.00015497207641601562,38.7,CV-VQE,627.98,"{'1': [0, 1, 2, 3, 4, 0], '2': [0, 0], '3': [0, 0], '4': [0, 0]}",6.2397661209106445,0.06162616643842161,1.0,126
VRP_N4_Vehicles5_Layers=5_MaxIter=125_20260724_153445,VRP,20260724_153445,42,4,5,5,125,1.0,100.0,inf,{},3.314018249511719e-05,inf,CV-VQE,627.98,"{'1': [0, 1, 2, 3, 4, 0], '2': [0, 0], '3': [0, 0], '4': [0, 0], '5': [0, 0]}",6.100762367248535,inf,1.0,126
VRP_N4_Vehicles6_Layers=5_MaxIter=125_20260724_153452,VRP,20260724_153452,42,4,6,5,125,1.0,100.0,inf,{},3.2901763916015625e-05,inf,CV-VQE,627.98,"{'1': [0, 1, 2, 3, 4, 0], '2': [0, 0], '3': [0, 0], '4': [0, 0], '5': [0, 0], '6': [0, 0]}",6.107884168624878,inf,1.0,126
VRP_N4_Vehicles2_Layers=1_MaxIter=150_20260724_153502,VRP,20260724_153502,42,4,2,1,150,1.0,100.0,27.349999999999998,"{'1': [0, 1, 4, 2, 0], '2': [0, 3, 0]}",0.0002841949462890625,27.349999999999998,CV-VQE,627.98,"{'1': [0, 1, 2, 3, 4, 0], '2': [0, 0]}",7.478940725326538,0.04355234243128762,1.0,151
VRP_N4_Vehicles3_Layers=1_MaxIter=150_20260724_153510,VRP,20260724_153510,42,4,3,1,150,1.0,100.0,32.980000000000004,"{'1': [0, 1, 0], '2': [0, 2, 4, 0], '3': [0, 3, 0]}",0.00032806396484375,32.980000000000004,CV-VQE,627.98,"{'1': [0, 1, 2, 3, 4, 0], '2': [0, 0], '3': [0, 0]}",7.330516815185547,0.05251759610178668,1.0,151
VRP_N4_Vehicles4_Layers=1_MaxIter=150_20260724_153519,VRP,20260724_153519,42,4,4,1,150,1.0,100.0,38.7,"{'1': [0, 1, 0], '2': [0, 2, 0], '3': [0, 3, 0], '4': [0, 4, 0]}",0.0001590251922607422,38.7,CV-VQE,627.98,"{'1': [0, 1, 2, 3, 4, 0], '2': [0, 0], '3': [0, 0], '4': [0, 0]}",7.44926643371582,0.06162616643842161,1.0,151
VRP_N4_Vehicles5_Layers=1_MaxIter=150_20260724_153527,VRP,20260724_153527,42,4,5,1,150,1.0,100.0,inf,{},4.887580871582031e-05,inf,CV-VQE,627.98,"{'1': [0, 1, 2, 3, 4, 0], '2': [0, 0], '3': [0, 0], '4': [0, 0], '5': [0, 0]}",7.322261571884155,inf,1.0,151
VRP_N4_Vehicles6_Layers=1_MaxIter=150_20260724_153535,VRP,20260724_153535,42,4,6,1,150,1.0,100.0,inf,{},4.363059997558594e-05,inf,CV-VQE,627.98,"{'1': [0, 1, 2, 3, 4, 0], '2': [0, 0], '3': [0, 0], '4': [0, 0], '5': [0, 0], '6': [0, 0]}",7.441604852676392,inf,1.0,151
VRP_N4_Vehicles2_Layers=2_MaxIter=150_20260724_153545,VRP,20260724_153545,42,4,2,2,150,1.0,100.0,27.349999999999998,"{'1': [0, 1, 4, 2, 0], '2': [0, 3, 0]}",0.0002808570861816406,27.349999999999998,CV-VQE,627.98,"{'1': [0, 1, 2, 3, 4, 0], '2': [0, 0]}",7.458836793899536,0.04355234243128762,1.0,151
VRP_N4_Vehicles3_Layers=2_MaxIter=150_20260724_153553,VRP,20260724_153553,42,4,3,2,150,1.0,100.0,32.980000000000004,"{'1': [0, 1, 0], '2': [0, 2, 4, 0], '3': [0, 3, 0]}",0.0003440380096435547,32.980000000000004,CV-VQE,627.98,"{'1': [0, 1, 2, 3, 4, 0], '2': [0, 0], '3': [0, 0]}",7.3103415966033936,0.05251759610178668,1.0,151
VRP_N4_Vehicles4_Layers=2_MaxIter=150_20260724_153602,VRP,20260724_153602,42,4,4,2,150,1.0,100.0,38.7,"{'1': [0, 1, 0], '2': [0, 2, 0], '3': [0, 3, 0], '4': [0, 4, 0]}",0.00015425682067871094,38.7,CV-VQE,627.98,"{'1': [0, 1, 2, 3, 4, 0], '2': [0, 0], '3': [0, 0], '4': [0, 0]}",7.447281122207642,0.06162616643842161,1.0,151
VRP_N4_Vehicles5_Layers=2_MaxIter=150_20260724_153610,VRP,20260724_153610,42,4,5,2,150,1.0,100.0,inf,{},3.314018249511719e-05,inf,CV-VQE,627.98,"{'1': [0, 1, 2, 3, 4, 0], '2': [0, 0], '3': [0, 0], '4': [0, 0], '5': [0, 0]}",7.31871485710144,inf,1.0,151
VRP_N4_Vehicles6_Layers=2_MaxIter=150_20260724_153618,VRP,20260724_153618,42,4,6,2,150,1.0,100.0,inf,{},3.337860107421875e-05,inf,CV-VQE,627.98,"{'1': [0, 1, 2, 3, 4, 0], '2': [0, 0], '3': [0, 0], '4': [0, 0], '5': [0, 0], '6': [0, 0]}",7.30174446105957,inf,1.0,151
VRP_N4_Vehicles2_Layers=3_MaxIter=150_20260724_153629,VRP,20260724_153629,42,4,2,3,150,1.0,100.0,27.349999999999998,"{'1': [0, 1, 4, 2, 0], '2': [0, 3, 0]}",0.00026988983154296875,27.349999999999998,CV-VQE,627.98,"{'1': [0, 1, 2, 3, 4, 0], '2': [0, 0]}",7.461662292480469,0.04355234243128762,1.0,151
VRP_N4_Vehicles3_Layers=3_MaxIter=150_20260724_153637,VRP,20260724_153637,42,4,3,3,150,1.0,100.0,32.980000000000004,"{'1': [0, 1, 0], '2': [0, 2, 4, 0], '3': [0, 3, 0]}",0.00032973289489746094,32.980000000000004,CV-VQE,627.98,"{'1': [0, 1, 2, 3, 4, 0], '2': [0, 0], '3': [0, 0]}",7.321674346923828,0.05251759610178668,1.0,151
VRP_N4_Vehicles4_Layers=3_MaxIter=150_20260724_153645,VRP,20260724_153645,42,4,4,3,150,1.0,100.0,38.7,"{'1': [0, 1, 0], '2': [0, 2, 0], '3': [0, 3, 0], '4': [0, 4, 0]}",0.00019478797912597656,38.7,CV-VQE,627.98,"{'1': [0, 1, 2, 3, 4, 0], '2': [0, 0], '3': [0, 0], '4': [0, 0]}",7.450527667999268,0.06162616643842161,1.0,151
VRP_N4_Vehicles5_Layers=3_MaxIter=150_20260724_153653,VRP,20260724_153653,42,4,5,3,150,1.0,100.0,inf,{},3.361701965332031e-05,inf,CV-VQE,627.98,"{'1': [0, 1, 2, 3, 4, 0], '2': [0, 0], '3': [0, 0], '4': [0, 0], '5': [0, 0]}",7.372454643249512,inf,1.0,151
VRP_N4_Vehicles6_Layers=3_MaxIter=150_20260724_153702,VRP,20260724_153702,42,4,6,3,150,1.0,100.0,inf,{},4.8160552978515625e-05,inf,CV-VQE,627.98,"{'1': [0, 1, 2, 3, 4, 0], '2': [0, 0], '3': [0, 0], '4': [0, 0], '5': [0, 0], '6': [0, 0]}",7.444617986679077,inf,1.0,151
VRP_N4_Vehicles2_Layers=4_MaxIter=150_20260724_153713,VRP,20260724_153713,42,4,2,4,150,1.0,100.0,27.349999999999998,"{'1': [0, 1, 4, 2, 0], '2': [0, 3, 0]}",0.00030159950256347656,27.349999999999998,CV-VQE,627.98,"{'1': [0, 1, 2, 3, 4, 0], '2': [0, 0]}",7.48362922668457,0.04355234243128762,1.0,151
VRP_N4_Vehicles3_Layers=4_MaxIter=150_20260724_153721,VRP,20260724_153721,42,4,3,4,150,1.0,100.0,32.980000000000004,"{'1': [0, 1, 0], '2': [0, 2, 4, 0], '3': [0, 3, 0]}",0.00032901763916015625,32.980000000000004,CV-VQE,627.98,"{'1': [0, 1, 2, 3, 4, 0], '2': [0, 0], '3': [0, 0]}",7.31867790222168,0.05251759610178668,1.0,151
VRP_N4_Vehicles4_Layers=4_MaxIter=150_20260724_153729,VRP,20260724_153729,42,4,4,4,150,1.0,100.0,38.7,"{'1': [0, 1, 0], '2': [0, 2, 0], '3': [0, 3, 0], '4': [0, 4, 0]}",0.00016832351684570312,38.7,CV-VQE,627.98,"{'1': [0, 1, 2, 3, 4, 0], '2': [0, 0], '3': [0, 0], '4': [0, 0]}",7.451952695846558,0.06162616643842161,1.0,151
VRP_N4_Vehicles5_Layers=4_MaxIter=150_20260724_153737,VRP,20260724_153737,42,4,5,4,150,1.0,100.0,inf,{},3.361701965332031e-05,inf,CV-VQE,627.98,"{'1': [0, 1, 2, 3, 4, 0], '2': [0, 0], '3': [0, 0], '4': [0, 0], '5': [0, 0]}",7.311330795288086,inf,1.0,151
VRP_N4_Vehicles6_Layers=4_MaxIter=150_20260724_153746,VRP,20260724_153746,42,4,6,4,150,1.0,100.0,inf,{},4.57763671875e-05,inf,CV-VQE,627.98,"{'1': [0, 1, 2, 3, 4, 0], '2': [0, 0], '3': [0, 0], '4': [0, 0], '5': [0, 0], '6': [0, 0]}",7.324913501739502,inf,1.0,151
VRP_N4_Vehicles2_Layers=5_MaxIter=150_20260724_153757,VRP,20260724_153757,42,4,2,5,150,1.0,100.0,27.349999999999998,"{'1': [0, 1, 4, 2, 0], '2': [0, 3, 0]}",0.0002644062042236328,27.349999999999998,CV-VQE,627.98,"{'1': [0, 1, 2, 3, 4, 0], '2': [0, 0]}",7.532626152038574,0.04355234243128762,1.0,151
VRP_N4_Vehicles3_Layers=5_MaxIter=150_20260724_153805,VRP,20260724_153805,42,4,3,5,150,1.0,100.0,32.980000000000004,"{'1': [0, 1, 0], '2': [0, 2, 4, 0], '3': [0, 3, 0]}",0.0003170967102050781,32.980000000000004,CV-VQE,627.98,"{'1': [0, 1, 2, 3, 4, 0], '2': [0, 0], '3': [0, 0]}",7.384588956832886,0.05251759610178668,1.0,151
VRP_N4_Vehicles4_Layers=5_MaxIter=150_20260724_153814,VRP,20260724_153814,42,4,4,5,150,1.0,100.0,38.7,"{'1': [0, 1, 0], '2': [0, 2, 0], '3': [0, 3, 0], '4': [0, 4, 0]}",0.0001785755157470703,38.7,CV-VQE,627.98,"{'1': [0, 1, 2, 3, 4, 0], '2': [0, 0], '3': [0, 0], '4': [0, 0]}",7.563232421875,0.06162616643842161,1.0,151
VRP_N4_Vehicles5_Layers=5_MaxIter=150_20260724_153822,VRP,20260724_153822,42,4,5,5,150,1.0,100.0,inf,{},3.600120544433594e-05,inf,CV-VQE,627.98,"{'1': [0, 1, 2, 3, 4, 0], '2': [0, 0], '3': [0, 0], '4': [0, 0], '5': [0, 0]}",7.515582084655762,inf,1.0,151
VRP_N4_Vehicles6_Layers=5_MaxIter=150_20260724_153830,VRP,20260724_153830,42,4,6,5,150,1.0,100.0,inf,{},4.00543212890625e-05,inf,CV-VQE,627.98,"{'1': [0, 1, 2, 3, 4, 0], '2': [0, 0], '3': [0, 0], '4': [0, 0], '5': [0, 0], '6': [0, 0]}",7.37401008605957,inf,1.0,151
VRP_N4_Vehicles2_Layers=1_MaxIter=175_20260724_153841,VRP,20260724_153841,42,4,2,1,175,1.0,100.0,27.349999999999998,"{'1': [0, 1, 4, 2, 0], '2': [0, 3, 0]}",0.0002932548522949219,27.349999999999998,CV-VQE,627.98,"{'1': [0, 1, 2, 3, 4, 0], '2': [0, 0]}",8.667358636856079,0.04355234243128762,1.0,176
VRP_N4_Vehicles3_Layers=1_MaxIter=175_20260724_153851,VRP,20260724_153851,42,4,3,1,175,1.0,100.0,32.980000000000004,"{'1': [0, 1, 0], '2': [0, 2, 4, 0], '3': [0, 3, 0]}",0.00031685829162597656,32.980000000000004,CV-VQE,627.98,"{'1': [0, 1, 2, 3, 4, 0], '2': [0, 0], '3': [0, 0]}",8.532018661499023,0.05251759610178668,1.0,176
VRP_N4_Vehicles4_Layers=1_MaxIter=175_20260724_153900,VRP,20260724_153900,42,4,4,1,175,1.0,100.0,38.7,"{'1': [0, 1, 0], '2': [0, 2, 0], '3': [0, 3, 0], '4': [0, 4, 0]}",0.00017404556274414062,38.7,CV-VQE,627.98,"{'1': [0, 1, 2, 3, 4, 0], '2': [0, 0], '3': [0, 0], '4': [0, 0]}",8.548483848571777,0.06162616643842161,1.0,176
VRP_N4_Vehicles5_Layers=1_MaxIter=175_20260724_153910,VRP,20260724_153910,42,4,5,1,175,1.0,100.0,inf,{},4.887580871582031e-05,inf,CV-VQE,627.98,"{'1': [0, 1, 2, 3, 4, 0], '2': [0, 0], '3': [0, 0], '4': [0, 0], '5': [0, 0]}",8.651829242706299,inf,1.0,176
VRP_N4_Vehicles6_Layers=1_MaxIter=175_20260724_153919,VRP,20260724_153919,42,4,6,1,175,1.0,100.0,inf,{},4.220008850097656e-05,inf,CV-VQE,627.98,"{'1': [0, 1, 2, 3, 4, 0], '2': [0, 0], '3': [0, 0], '4': [0, 0], '5': [0, 0], '6': [0, 0]}",8.535537481307983,inf,1.0,176
VRP_N4_Vehicles2_Layers=2_MaxIter=175_20260724_153931,VRP,20260724_153931,42,4,2,2,175,1.0,100.0,27.349999999999998,"{'1': [0, 1, 4, 2, 0], '2': [0, 3, 0]}",0.00029349327087402344,27.349999999999998,CV-VQE,627.98,"{'1': [0, 1, 2, 3, 4, 0], '2': [0, 0]}",8.591248750686646,0.04355234243128762,1.0,176
VRP_N4_Vehicles3_Layers=2_MaxIter=175_20260724_153940,VRP,20260724_153940,42,4,3,2,175,1.0,100.0,32.980000000000004,"{'1': [0, 1, 0], '2': [0, 2, 4, 0], '3': [0, 3, 0]}",0.00035071372985839844,32.980000000000004,CV-VQE,627.98,"{'1': [0, 1, 2, 3, 4, 0], '2': [0, 0], '3': [0, 0]}",8.72041130065918,0.05251759610178668,1.0,176
VRP_N4_Vehicles4_Layers=2_MaxIter=175_20260724_153950,VRP,20260724_153950,42,4,4,2,175,1.0,100.0,38.7,"{'1': [0, 1, 0], '2': [0, 2, 0], '3': [0, 3, 0], '4': [0, 4, 0]}",0.00015497207641601562,38.7,CV-VQE,627.98,"{'1': [0, 1, 2, 3, 4, 0], '2': [0, 0], '3': [0, 0], '4': [0, 0]}",8.739320278167725,0.06162616643842161,1.0,176
VRP_N4_Vehicles5_Layers=2_MaxIter=175_20260724_154000,VRP,20260724_154000,42,4,5,2,175,1.0,100.0,inf,{},3.266334533691406e-05,inf,CV-VQE,627.98,"{'1': [0, 1, 2, 3, 4, 0], '2': [0, 0], '3': [0, 0], '4': [0, 0], '5': [0, 0]}",8.860493421554565,inf,1.0,176
VRP_N4_Vehicles6_Layers=2_MaxIter=175_20260724_154009,VRP,20260724_154009,42,4,6,2,175,1.0,100.0,inf,{},3.314018249511719e-05,inf,CV-VQE,627.98,"{'1': [0, 1, 2, 3, 4, 0], '2': [0, 0], '3': [0, 0], '4': [0, 0], '5': [0, 0], '6': [0, 0]}",8.719790697097778,inf,1.0,176
VRP_N4_Vehicles2_Layers=3_MaxIter=175_20260724_154021,VRP,20260724_154021,42,4,2,3,175,1.0,100.0,27.349999999999998,"{'1': [0, 1, 4, 2, 0], '2': [0, 3, 0]}",0.00029778480529785156,27.349999999999998,CV-VQE,627.98,"{'1': [0, 1, 2, 3, 4, 0], '2': [0, 0]}",8.747625827789307,0.04355234243128762,1.0,176
VRP_N4_Vehicles3_Layers=3_MaxIter=175_20260724_154031,VRP,20260724_154031,42,4,3,3,175,1.0,100.0,32.980000000000004,"{'1': [0, 1, 0], '2': [0, 2, 4, 0], '3': [0, 3, 0]}",0.0003330707550048828,32.980000000000004,CV-VQE,627.98,"{'1': [0, 1, 2, 3, 4, 0], '2': [0, 0], '3': [0, 0]}",8.595831632614136,0.05251759610178668,1.0,176
VRP_N4_Vehicles4_Layers=3_MaxIter=175_20260724_154040,VRP,20260724_154040,42,4,4,3,175,1.0,100.0,38.7,"{'1': [0, 1, 0], '2': [0, 2, 0], '3': [0, 3, 0], '4': [0, 4, 0]}",0.00015354156494140625,38.7,CV-VQE,627.98,"{'1': [0, 1, 2, 3, 4, 0], '2': [0, 0], '3': [0, 0], '4': [0, 0]}",8.719971895217896,0.06162616643842161,1.0,176
VRP_N4_Vehicles5_Layers=3_MaxIter=175_20260724_154050,VRP,20260724_154050,42,4,5,3,175,1.0,100.0,inf,{},3.361701965332031e-05,inf,CV-VQE,627.98,"{'1': [0, 1, 2, 3, 4, 0], '2': [0, 0], '3': [0, 0], '4': [0, 0], '5': [0, 0]}",8.730812072753906,inf,1.0,176
VRP_N4_Vehicles6_Layers=3_MaxIter=175_20260724_154100,VRP,20260724_154100,42,4,6,3,175,1.0,100.0,inf,{},3.337860107421875e-05,inf,CV-VQE,627.98,"{'1': [0, 1, 2, 3, 4, 0], '2': [0, 0], '3': [0, 0], '4': [0, 0], '5': [0, 0], '6': [0, 0]}",8.593009233474731,inf,1.0,176
VRP_N4_Vehicles2_Layers=4_MaxIter=175_20260724_154112,VRP,20260724_154112,42,4,2,4,175,1.0,100.0,27.349999999999998,"{'1': [0, 1, 4, 2, 0], '2': [0, 3, 0]}",0.0002689361572265625,27.349999999999998,CV-VQE,627.98,"{'1': [0, 1, 2, 3, 4, 0], '2': [0, 0]}",8.616280555725098,0.04355234243128762,1.0,176
VRP_N4_Vehicles3_Layers=4_MaxIter=175_20260724_154122,VRP,20260724_154122,42,4,3,4,175,1.0,100.0,32.980000000000004,"{'1': [0, 1, 0], '2': [0, 2, 4, 0], '3': [0, 3, 0]}",0.0003440380096435547,32.980000000000004,CV-VQE,627.98,"{'1': [0, 1, 2, 3, 4, 0], '2': [0, 0], '3': [0, 0]}",8.725363731384277,0.05251759610178668,1.0,176
VRP_N4_Vehicles4_Layers=4_MaxIter=175_20260724_154131,VRP,20260724_154131,42,4,4,4,175,1.0,100.0,38.7,"{'1': [0, 1, 0], '2': [0, 2, 0], '3': [0, 3, 0], '4': [0, 4, 0]}",0.0001819133758544922,38.7,CV-VQE,627.98,"{'1': [0, 1, 2, 3, 4, 0], '2': [0, 0], '3': [0, 0], '4': [0, 0]}",8.600993871688843,0.06162616643842161,1.0,176
VRP_N4_Vehicles5_Layers=4_MaxIter=175_20260724_154141,VRP,20260724_154141,42,4,5,4,175,1.0,100.0,inf,{},3.3855438232421875e-05,inf,CV-VQE,627.98,"{'1': [0, 1, 2, 3, 4, 0], '2': [0, 0], '3': [0, 0], '4': [0, 0], '5': [0, 0]}",8.633188724517822,inf,1.0,176
VRP_N4_Vehicles6_Layers=4_MaxIter=175_20260724_154150,VRP,20260724_154150,42,4,6,4,175,1.0,100.0,inf,{},4.291534423828125e-05,inf,CV-VQE,627.98,"{'1': [0, 1, 2, 3, 4, 0], '2': [0, 0], '3': [0, 0], '4': [0, 0], '5': [0, 0], '6': [0, 0]}",8.743283987045288,inf,1.0,176
VRP_N4_Vehicles2_Layers=5_MaxIter=175_20260724_154203,VRP,20260724_154203,42,4,2,5,175,1.0,100.0,27.349999999999998,"{'1': [0, 1, 4, 2, 0], '2': [0, 3, 0]}",0.0002548694610595703,27.349999999999998,CV-VQE,627.98,"{'1': [0, 1, 2, 3, 4, 0], '2': [0, 0]}",8.625484704971313,0.04355234243128762,1.0,176
VRP_N4_Vehicles3_Layers=5_MaxIter=175_20260724_154213,VRP,20260724_154213,42,4,3,5,175,1.0,100.0,32.980000000000004,"{'1': [0, 1, 0], '2': [0, 2, 4, 0], '3': [0, 3, 0]}",0.00033354759216308594,32.980000000000004,CV-VQE,627.98,"{'1': [0, 1, 2, 3, 4, 0], '2': [0, 0], '3': [0, 0]}",8.610472917556763,0.05251759610178668,1.0,176
VRP_N4_Vehicles4_Layers=5_MaxIter=175_20260724_154222,VRP,20260724_154222,42,4,4,5,175,1.0,100.0,38.7,"{'1': [0, 1, 0], '2': [0, 2, 0], '3': [0, 3, 0], '4': [0, 4, 0]}",0.00018215179443359375,38.7,CV-VQE,627.98,"{'1': [0, 1, 2, 3, 4, 0], '2': [0, 0], '3': [0, 0], '4': [0, 0]}",8.748607635498047,0.06162616643842161,1.0,176
VRP_N4_Vehicles5_Layers=5_MaxIter=175_20260724_154232,VRP,20260724_154232,42,4,5,5,175,1.0,100.0,inf,{},4.696846008300781e-05,inf,CV-VQE,627.98,"{'1': [0, 1, 2, 3, 4, 0], '2': [0, 0], '3': [0, 0], '4': [0, 0], '5': [0, 0]}",8.609913349151611,inf,1.0,176
VRP_N4_Vehicles6_Layers=5_MaxIter=175_20260724_154242,VRP,20260724_154242,42,4,6,5,175,1.0,100.0,inf,{},3.790855407714844e-05,inf,CV-VQE,627.98,"{'1': [0, 1, 2, 3, 4, 0], '2': [0, 0], '3': [0, 0], '4': [0, 0], '5': [0, 0], '6': [0, 0]}",8.583216905593872,inf,1.0,176
VRP_N4_Vehicles2_Layers=1_MaxIter=200_20260724_154254,VRP,20260724_154254,42,4,2,1,200,1.0,100.0,27.349999999999998,"{'1': [0, 1, 4, 2, 0], '2': [0, 3, 0]}",0.000278472900390625,27.349999999999998,CV-VQE,627.98,"{'1': [0, 1, 2, 3, 4, 0], '2': [0, 0]}",9.610912322998047,0.04355234243128762,1.0,193
VRP_N4_Vehicles3_Layers=1_MaxIter=200_20260724_154304,VRP,20260724_154304,42,4,3,1,200,1.0,100.0,32.980000000000004,"{'1': [0, 1, 0], '2': [0, 2, 4, 0], '3': [0, 3, 0]}",0.000335693359375,32.980000000000004,CV-VQE,627.98,"{'1': [0, 1, 2, 3, 4, 0], '2': [0, 0], '3': [0, 0]}",9.48543930053711,0.05251759610178668,1.0,193
VRP_N4_Vehicles4_Layers=1_MaxIter=200_20260724_154314,VRP,20260724_154314,42,4,4,1,200,1.0,100.0,38.7,"{'1': [0, 1, 0], '2': [0, 2, 0], '3': [0, 3, 0], '4': [0, 4, 0]}",0.00016927719116210938,38.7,CV-VQE,627.98,"{'1': [0, 1, 2, 3, 4, 0], '2': [0, 0], '3': [0, 0], '4': [0, 0]}",9.447144508361816,0.06162616643842161,1.0,193
VRP_N4_Vehicles5_Layers=1_MaxIter=200_20260724_154325,VRP,20260724_154325,42,4,5,1,200,1.0,100.0,inf,{},3.266334533691406e-05,inf,CV-VQE,627.98,"{'1': [0, 1, 2, 3, 4, 0], '2': [0, 0], '3': [0, 0], '4': [0, 0], '5': [0, 0]}",9.588139057159424,inf,1.0,193
VRP_N4_Vehicles6_Layers=1_MaxIter=200_20260724_154335,VRP,20260724_154335,42,4,6,1,200,1.0,100.0,inf,{},3.4332275390625e-05,inf,CV-VQE,627.98,"{'1': [0, 1, 2, 3, 4, 0], '2': [0, 0], '3': [0, 0], '4': [0, 0], '5': [0, 0], '6': [0, 0]}",9.462217092514038,inf,1.0,193
VRP_N4_Vehicles2_Layers=2_MaxIter=200_20260724_154348,VRP,20260724_154348,42,4,2,2,200,1.0,100.0,27.349999999999998,"{'1': [0, 1, 4, 2, 0], '2': [0, 3, 0]}",0.0002510547637939453,27.349999999999998,CV-VQE,627.98,"{'1': [0, 1, 2, 3, 4, 0], '2': [0, 0]}",9.39995813369751,0.04355234243128762,1.0,193
VRP_N4_Vehicles3_Layers=2_MaxIter=200_20260724_154358,VRP,20260724_154358,42,4,3,2,200,1.0,100.0,32.980000000000004,"{'1': [0, 1, 0], '2': [0, 2, 4, 0], '3': [0, 3, 0]}",0.0003418922424316406,32.980000000000004,CV-VQE,627.98,"{'1': [0, 1, 2, 3, 4, 0], '2': [0, 0], '3': [0, 0]}",9.524429321289062,0.05251759610178668,1.0,193
VRP_N4_Vehicles4_Layers=2_MaxIter=200_20260724_154408,VRP,20260724_154408,42,4,4,2,200,1.0,100.0,38.7,"{'1': [0, 1, 0], '2': [0, 2, 0], '3': [0, 3, 0], '4': [0, 4, 0]}",0.0001506805419921875,38.7,CV-VQE,627.98,"{'1': [0, 1, 2, 3, 4, 0], '2': [0, 0], '3': [0, 0], '4': [0, 0]}",9.498810291290283,0.06162616643842161,1.0,193
VRP_N4_Vehicles5_Layers=2_MaxIter=200_20260724_154419,VRP,20260724_154419,42,4,5,2,200,1.0,100.0,inf,{},3.314018249511719e-05,inf,CV-VQE,627.98,"{'1': [0, 1, 2, 3, 4, 0], '2': [0, 0], '3': [0, 0], '4': [0, 0], '5': [0, 0]}",9.38059663772583,inf,1.0,193
VRP_N4_Vehicles6_Layers=2_MaxIter=200_20260724_154429,VRP,20260724_154429,42,4,6,2,200,1.0,100.0,inf,{},3.9577484130859375e-05,inf,CV-VQE,627.98,"{'1': [0, 1, 2, 3, 4, 0], '2': [0, 0], '3': [0, 0], '4': [0, 0], '5': [0, 0], '6': [0, 0]}",9.37006139755249,inf,1.0,193
VRP_N4_Vehicles2_Layers=3_MaxIter=200_20260724_154442,VRP,20260724_154442,42,4,2,3,200,1.0,100.0,27.349999999999998,"{'1': [0, 1, 4, 2, 0], '2': [0, 3, 0]}",0.0002770423889160156,27.349999999999998,CV-VQE,627.98,"{'1': [0, 1, 2, 3, 4, 0], '2': [0, 0]}",9.598317861557007,0.04355234243128762,1.0,193
VRP_N4_Vehicles3_Layers=3_MaxIter=200_20260724_154453,VRP,20260724_154453,42,4,3,3,200,1.0,100.0,32.980000000000004,"{'1': [0, 1, 0], '2': [0, 2, 4, 0], '3': [0, 3, 0]}",0.00033092498779296875,32.980000000000004,CV-VQE,627.98,"{'1': [0, 1, 2, 3, 4, 0], '2': [0, 0], '3': [0, 0]}",9.5017671585083,0.05251759610178668,1.0,193
VRP_N4_Vehicles4_Layers=3_MaxIter=200_20260724_154503,VRP,20260724_154503,42,4,4,3,200,1.0,100.0,38.7,"{'1': [0, 1, 0], '2': [0, 2, 0], '3': [0, 3, 0], '4': [0, 4, 0]}",0.00016236305236816406,38.7,CV-VQE,627.98,"{'1': [0, 1, 2, 3, 4, 0], '2': [0, 0], '3': [0, 0], '4': [0, 0]}",9.402792692184448,0.06162616643842161,1.0,193
VRP_N4_Vehicles5_Layers=3_MaxIter=200_20260724_154513,VRP,20260724_154513,42,4,5,3,200,1.0,100.0,inf,{},3.552436828613281e-05,inf,CV-VQE,627.98,"{'1': [0, 1, 2, 3, 4, 0], '2': [0, 0], '3': [0, 0], '4': [0, 0], '5': [0, 0]}",9.671708583831787,inf,1.0,193
VRP_N4_Vehicles6_Layers=3_MaxIter=200_20260724_154524,VRP,20260724_154524,42,4,6,3,200,1.0,100.0,inf,{},3.314018249511719e-05,inf,CV-VQE,627.98,"{'1': [0, 1, 2, 3, 4, 0], '2': [0, 0], '3': [0, 0], '4': [0, 0], '5': [0, 0], '6': [0, 0]}",9.553425550460815,inf,1.0,193
VRP_N4_Vehicles2_Layers=4_MaxIter=200_20260724_154539,VRP,20260724_154539,42,4,2,4,200,1.0,100.0,27.349999999999998,"{'1': [0, 1, 4, 2, 0], '2': [0, 3, 0]}",0.00025916099548339844,27.349999999999998,CV-VQE,627.98,"{'1': [0, 1, 2, 3, 4, 0], '2': [0, 0]}",9.563942193984985,0.04355234243128762,1.0,193
VRP_N4_Vehicles3_Layers=4_MaxIter=200_20260724_154549,VRP,20260724_154549,42,4,3,4,200,1.0,100.0,32.980000000000004,"{'1': [0, 1, 0], '2': [0, 2, 4, 0], '3': [0, 3, 0]}",0.0003151893615722656,32.980000000000004,CV-VQE,627.98,"{'1': [0, 1, 2, 3, 4, 0], '2': [0, 0], '3': [0, 0]}",9.532567262649536,0.05251759610178668,1.0,193
VRP_N4_Vehicles4_Layers=4_MaxIter=200_20260724_154600,VRP,20260724_154600,42,4,4,4,200,1.0,100.0,38.7,"{'1': [0, 1, 0], '2': [0, 2, 0], '3': [0, 3, 0], '4': [0, 4, 0]}",0.00015997886657714844,38.7,CV-VQE,627.98,"{'1': [0, 1, 2, 3, 4, 0], '2': [0, 0], '3': [0, 0], '4': [0, 0]}",9.67574667930603,0.06162616643842161,1.0,193
VRP_N4_Vehicles5_Layers=4_MaxIter=200_20260724_154610,VRP,20260724_154610,42,4,5,4,200,1.0,100.0,inf,{},4.291534423828125e-05,inf,CV-VQE,627.98,"{'1': [0, 1, 2, 3, 4, 0], '2': [0, 0], '3': [0, 0], '4': [0, 0], '5': [0, 0]}",9.436392307281494,inf,1.0,193
VRP_N4_Vehicles6_Layers=4_MaxIter=200_20260724_154621,VRP,20260724_154621,42,4,6,4,200,1.0,100.0,inf,{},3.7670135498046875e-05,inf,CV-VQE,627.98,"{'1': [0, 1, 2, 3, 4, 0], '2': [0, 0], '3': [0, 0], '4': [0, 0], '5': [0, 0], '6': [0, 0]}",9.517693519592285,inf,1.0,193
VRP_N4_Vehicles2_Layers=5_MaxIter=200_20260724_154637,VRP,20260724_154637,42,4,2,5,200,1.0,100.0,27.349999999999998,"{'1': [0, 1, 4, 2, 0], '2': [0, 3, 0]}",0.0002505779266357422,27.349999999999998,CV-VQE,627.98,"{'1': [0, 1, 2, 3, 4, 0], '2': [0, 0]}",9.602652072906494,0.04355234243128762,1.0,193
VRP_N4_Vehicles3_Layers=5_MaxIter=200_20260724_154647,VRP,20260724_154647,42,4,3,5,200,1.0,100.0,32.980000000000004,"{'1': [0, 1, 0], '2': [0, 2, 4, 0], '3': [0, 3, 0]}",0.0003218650817871094,32.980000000000004,CV-VQE,627.98,"{'1': [0, 1, 2, 3, 4, 0], '2': [0, 0], '3': [0, 0]}",9.677113771438599,0.05251759610178668,1.0,193
VRP_N4_Vehicles4_Layers=5_MaxIter=200_20260724_154658,VRP,20260724_154658,42,4,4,5,200,1.0,100.0,38.7,"{'1': [0, 1, 0], '2': [0, 2, 0], '3': [0, 3, 0], '4': [0, 4, 0]}",0.00014972686767578125,38.7,CV-VQE,627.98,"{'1': [0, 1, 2, 3, 4, 0], '2': [0, 0], '3': [0, 0], '4': [0, 0]}",9.421860694885254,0.06162616643842161,1.0,193
VRP_N4_Vehicles5_Layers=5_MaxIter=200_20260724_154708,VRP,20260724_154708,42,4,5,5,200,1.0,100.0,inf,{},4.220008850097656e-05,inf,CV-VQE,627.98,"{'1': [0, 1, 2, 3, 4, 0], '2': [0, 0], '3': [0, 0], '4': [0, 0], '5': [0, 0]}",9.407713413238525,inf,1.0,193
VRP_N4_Vehicles6_Layers=5_MaxIter=200_20260724_154719,VRP,20260724_154719,42,4,6,5,200,1.0,100.0,inf,{},3.6716461181640625e-05,inf,CV-VQE,627.98,"{'1': [0, 1, 2, 3, 4, 0], '2': [0, 0], '3': [0, 0], '4': [0, 0], '5': [0, 0], '6': [0, 0]}",9.647106885910034,inf,1.0,193
VRP_N5_Vehicles2_Layers=1_MaxIter=25_20260724_154806,VRP,20260724_154806,42,5,2,1,25,1.0,100.0,31.21,"{'1': [0, 1, 3, 2, 5, 0], '2': [0, 4, 0]}",0.0016748905181884766,31.21,CV-VQE,1029.4,"{'1': [0, 1, 2, 3, 4, 5, 0], '2': [0, 0]}",39.570882081985474,0.030318632212939574,1.0,26
VRP_N5_Vehicles3_Layers=1_MaxIter=25_20260724_154846,VRP,20260724_154846,42,5,3,1,25,1.0,100.0,36.8,"{'1': [0, 1, 2, 3, 0], '2': [0, 4, 0], '3': [0, 5, 0]}",0.002897024154663086,36.8,CV-VQE,1029.4,"{'1': [0, 1, 2, 3, 4, 5, 0], '2': [0, 0], '3': [0, 0]}",39.752328634262085,0.03574897998834272,1.0,26
VRP_N5_Vehicles4_Layers=1_MaxIter=25_20260724_154927,VRP,20260724_154927,42,5,4,1,25,1.0,100.0,45.72,"{'1': [0, 1, 0], '2': [0, 2, 3, 0], '3': [0, 4, 0], '4': [0, 5, 0]}",0.002318143844604492,45.72,CV-VQE,1029.4,"{'1': [0, 1, 2, 3, 4, 5, 0], '2': [0, 0], '3': [0, 0], '4': [0, 0]}",39.71039009094238,0.044414221876821446,1.0,26
VRP_N5_Vehicles5_Layers=1_MaxIter=25_20260724_155008,VRP,20260724_155008,42,5,5,1,25,1.0,100.0,54.81999999999999,"{'1': [0, 3, 0], '2': [0, 5, 0], '3': [0, 2, 0], '4': [0, 1, 0], '5': [0, 4, 0]}",0.0007562637329101562,54.81999999999999,CV-VQE,1029.4,"{'1': [0, 1, 2, 3, 4, 5, 0], '2': [0, 0], '3': [0, 0], '4': [0, 0], '5': [0, 0]}",39.55198287963867,0.05325432290654749,1.0,26
VRP_N5_Vehicles6_Layers=1_MaxIter=25_20260724_155048,VRP,20260724_155048,42,5,6,1,25,1.0,100.0,inf,{},8.702278137207031e-05,inf,CV-VQE,1029.4,"{'1': [0, 1, 2, 3, 4, 5, 0], '2': [0, 0], '3': [0, 0], '4': [0, 0], '5': [0, 0], '6': [0, 0]}",39.33830523490906,inf,1.0,26
VRP_N5_Vehicles2_Layers=2_MaxIter=25_20260724_155132,VRP,20260724_155132,42,5,2,2,25,1.0,100.0,31.21,"{'1': [0, 1, 3, 2, 5, 0], '2': [0, 4, 0]}",0.0016124248504638672,31.21,CV-VQE,1029.4,"{'1': [0, 1, 2, 3, 4, 5, 0], '2': [0, 0]}",39.29597759246826,0.030318632212939574,1.0,26
VRP_N5_Vehicles3_Layers=2_MaxIter=25_20260724_155213,VRP,20260724_155213,42,5,3,2,25,1.0,100.0,36.8,"{'1': [0, 1, 2, 3, 0], '2': [0, 4, 0], '3': [0, 5, 0]}",0.00295257568359375,36.8,CV-VQE,1029.4,"{'1': [0, 1, 2, 3, 4, 5, 0], '2': [0, 0], '3': [0, 0]}",39.27496790885925,0.03574897998834272,1.0,26
VRP_N5_Vehicles4_Layers=2_MaxIter=25_20260724_155253,VRP,20260724_155253,42,5,4,2,25,1.0,100.0,45.72,"{'1': [0, 1, 0], '2': [0, 2, 3, 0], '3': [0, 4, 0], '4': [0, 5, 0]}",0.002346038818359375,45.72,CV-VQE,1029.4,"{'1': [0, 1, 2, 3, 4, 5, 0], '2': [0, 0], '3': [0, 0], '4': [0, 0]}",39.36094784736633,0.044414221876821446,1.0,26
VRP_N5_Vehicles5_Layers=2_MaxIter=25_20260724_155334,VRP,20260724_155334,42,5,5,2,25,1.0,100.0,54.81999999999999,"{'1': [0, 3, 0], '2': [0, 5, 0], '3': [0, 2, 0], '4': [0, 1, 0], '5': [0, 4, 0]}",0.0008206367492675781,54.81999999999999,CV-VQE,1029.4,"{'1': [0, 1, 2, 3, 4, 5, 0], '2': [0, 0], '3': [0, 0], '4': [0, 0], '5': [0, 0]}",39.73681616783142,0.05325432290654749,1.0,26
VRP_N5_Vehicles6_Layers=2_MaxIter=25_20260724_155414,VRP,20260724_155414,42,5,6,2,25,1.0,100.0,inf,{},8.535385131835938e-05,inf,CV-VQE,1029.4,"{'1': [0, 1, 2, 3, 4, 5, 0], '2': [0, 0], '3': [0, 0], '4': [0, 0], '5': [0, 0], '6': [0, 0]}",39.503236532211304,inf,1.0,26
VRP_N5_Vehicles2_Layers=3_MaxIter=25_20260724_155459,VRP,20260724_155459,42,5,2,3,25,1.0,100.0,31.21,"{'1': [0, 1, 3, 2, 5, 0], '2': [0, 4, 0]}",0.0017321109771728516,31.21,CV-VQE,1029.4,"{'1': [0, 1, 2, 3, 4, 5, 0], '2': [0, 0]}",38.84192657470703,0.030318632212939574,1.0,26
VRP_N5_Vehicles3_Layers=3_MaxIter=25_20260724_155539,VRP,20260724_155539,42,5,3,3,25,1.0,100.0,36.8,"{'1': [0, 1, 2, 3, 0], '2': [0, 4, 0], '3': [0, 5, 0]}",0.0029098987579345703,36.8,CV-VQE,1029.4,"{'1': [0, 1, 2, 3, 4, 5, 0], '2': [0, 0], '3': [0, 0]}",39.35467743873596,0.03574897998834272,1.0,26
VRP_N5_Vehicles4_Layers=3_MaxIter=25_20260724_155620,VRP,20260724_155620,42,5,4,3,25,1.0,100.0,45.72,"{'1': [0, 1, 0], '2': [0, 2, 3, 0], '3': [0, 4, 0], '4': [0, 5, 0]}",0.0023331642150878906,45.72,CV-VQE,1029.4,"{'1': [0, 1, 2, 3, 4, 5, 0], '2': [0, 0], '3': [0, 0], '4': [0, 0]}",39.5728554725647,0.044414221876821446,1.0,26
VRP_N5_Vehicles5_Layers=3_MaxIter=25_20260724_155700,VRP,20260724_155700,42,5,5,3,25,1.0,100.0,54.81999999999999,"{'1': [0, 3, 0], '2': [0, 5, 0], '3': [0, 2, 0], '4': [0, 1, 0], '5': [0, 4, 0]}",0.0007584095001220703,54.81999999999999,CV-VQE,1029.4,"{'1': [0, 1, 2, 3, 4, 5, 0], '2': [0, 0], '3': [0, 0], '4': [0, 0], '5': [0, 0]}",39.15310835838318,0.05325432290654749,1.0,26
VRP_N5_Vehicles6_Layers=3_MaxIter=25_20260724_155740,VRP,20260724_155740,42,5,6,3,25,1.0,100.0,inf,{},0.00010704994201660156,inf,CV-VQE,1029.4,"{'1': [0, 1, 2, 3, 4, 5, 0], '2': [0, 0], '3': [0, 0], '4': [0, 0], '5': [0, 0], '6': [0, 0]}",39.29864811897278,inf,1.0,26
VRP_N5_Vehicles2_Layers=4_MaxIter=25_20260724_155827,VRP,20260724_155827,42,5,2,4,25,1.0,100.0,31.21,"{'1': [0, 1, 3, 2, 5, 0], '2': [0, 4, 0]}",0.0016243457794189453,31.21,CV-VQE,1029.4,"{'1': [0, 1, 2, 3, 4, 5, 0], '2': [0, 0]}",39.12053894996643,0.030318632212939574,1.0,26
VRP_N5_Vehicles3_Layers=4_MaxIter=25_20260724_155907,VRP,20260724_155907,42,5,3,4,25,1.0,100.0,36.8,"{'1': [0, 1, 2, 3, 0], '2': [0, 4, 0], '3': [0, 5, 0]}",0.0028829574584960938,36.8,CV-VQE,1029.4,"{'1': [0, 1, 2, 3, 4, 5, 0], '2': [0, 0], '3': [0, 0]}",39.21919798851013,0.03574897998834272,1.0,26
VRP_N5_Vehicles4_Layers=4_MaxIter=25_20260724_155947,VRP,20260724_155947,42,5,4,4,25,1.0,100.0,45.72,"{'1': [0, 1, 0], '2': [0, 2, 3, 0], '3': [0, 4, 0], '4': [0, 5, 0]}",0.002298593521118164,45.72,CV-VQE,1029.4,"{'1': [0, 1, 2, 3, 4, 5, 0], '2': [0, 0], '3': [0, 0], '4': [0, 0]}",39.02291250228882,0.044414221876821446,1.0,26
VRP_N5_Vehicles5_Layers=4_MaxIter=25_20260724_160027,VRP,20260724_160027,42,5,5,4,25,1.0,100.0,54.81999999999999,"{'1': [0, 3, 0], '2': [0, 5, 0], '3': [0, 2, 0], '4': [0, 1, 0], '5': [0, 4, 0]}",0.0007534027099609375,54.81999999999999,CV-VQE,1029.4,"{'1': [0, 1, 2, 3, 4, 5, 0], '2': [0, 0], '3': [0, 0], '4': [0, 0], '5': [0, 0]}",39.104047536849976,0.05325432290654749,1.0,26
VRP_N5_Vehicles6_Layers=4_MaxIter=25_20260724_160107,VRP,20260724_160107,42,5,6,4,25,1.0,100.0,inf,{},9.846687316894531e-05,inf,CV-VQE,1029.4,"{'1': [0, 1, 2, 3, 4, 5, 0], '2': [0, 0], '3': [0, 0], '4': [0, 0], '5': [0, 0], '6': [0, 0]}",39.19104313850403,inf,1.0,26
VRP_N5_Vehicles2_Layers=5_MaxIter=25_20260724_160154,VRP,20260724_160154,42,5,2,5,25,1.0,100.0,31.21,"{'1': [0, 1, 3, 2, 5, 0], '2': [0, 4, 0]}",0.0015978813171386719,31.21,CV-VQE,1029.4,"{'1': [0, 1, 2, 3, 4, 5, 0], '2': [0, 0]}",39.05153679847717,0.030318632212939574,1.0,26
VRP_N5_Vehicles3_Layers=5_MaxIter=25_20260724_160235,VRP,20260724_160235,42,5,3,5,25,1.0,100.0,36.8,"{'1': [0, 1, 2, 3, 0], '2': [0, 4, 0], '3': [0, 5, 0]}",0.002842426300048828,36.8,CV-VQE,1029.4,"{'1': [0, 1, 2, 3, 4, 5, 0], '2': [0, 0], '3': [0, 0]}",39.42690110206604,0.03574897998834272,1.0,26
VRP_N5_Vehicles4_Layers=5_MaxIter=25_20260724_160315,VRP,20260724_160315,42,5,4,5,25,1.0,100.0,45.72,"{'1': [0, 1, 0], '2': [0, 2, 3, 0], '3': [0, 4, 0], '4': [0, 5, 0]}",0.0026068687438964844,45.72,CV-VQE,1029.4,"{'1': [0, 1, 2, 3, 4, 5, 0], '2': [0, 0], '3': [0, 0], '4': [0, 0]}",39.30941128730774,0.044414221876821446,1.0,26
VRP_N5_Vehicles5_Layers=5_MaxIter=25_20260724_160355,VRP,20260724_160355,42,5,5,5,25,1.0,100.0,54.81999999999999,"{'1': [0, 3, 0], '2': [0, 5, 0], '3': [0, 2, 0], '4': [0, 1, 0], '5': [0, 4, 0]}",0.0007562637329101562,54.81999999999999,CV-VQE,1029.4,"{'1': [0, 1, 2, 3, 4, 5, 0], '2': [0, 0], '3': [0, 0], '4': [0, 0], '5': [0, 0]}",39.268752098083496,0.05325432290654749,1.0,26
VRP_N5_Vehicles6_Layers=5_MaxIter=25_20260724_160435,VRP,20260724_160435,42,5,6,5,25,1.0,100.0,inf,{},9.393692016601562e-05,inf,CV-VQE,1029.4,"{'1': [0, 1, 2, 3, 4, 5, 0], '2': [0, 0], '3': [0, 0], '4': [0, 0], '5': [0, 0], '6': [0, 0]}",39.212679386138916,inf,1.0,26
VRP_N5_Vehicles2_Layers=1_MaxIter=50_20260724_160559,VRP,20260724_160559,42,5,2,1,50,1.0,100.0,31.21,"{'1': [0, 1, 3, 2, 5, 0], '2': [0, 4, 0]}",0.00159454345703125,31.21,CV-VQE,1029.4,"{'1': [0, 1, 2, 3, 4, 5, 0], '2': [0, 0]}",77.47462940216064,0.030318632212939574,1.0,51
VRP_N5_Vehicles3_Layers=1_MaxIter=50_20260724_160717,VRP,20260724_160717,42,5,3,1,50,1.0,100.0,36.8,"{'1': [0, 1, 2, 3, 0], '2': [0, 4, 0], '3': [0, 5, 0]}",0.002829313278198242,36.8,CV-VQE,1029.4,"{'1': [0, 1, 2, 3, 4, 5, 0], '2': [0, 0], '3': [0, 0]}",77.21024012565613,0.03574897998834272,1.0,51
VRP_N5_Vehicles4_Layers=1_MaxIter=50_20260724_160836,VRP,20260724_160836,42,5,4,1,50,1.0,100.0,45.72,"{'1': [0, 1, 0], '2': [0, 2, 3, 0], '3': [0, 4, 0], '4': [0, 5, 0]}",0.0023250579833984375,45.72,CV-VQE,1029.4,"{'1': [0, 1, 2, 3, 4, 5, 0], '2': [0, 0], '3': [0, 0], '4': [0, 0]}",77.36812281608582,0.044414221876821446,1.0,51
VRP_N5_Vehicles5_Layers=1_MaxIter=50_20260724_160953,VRP,20260724_160953,42,5,5,1,50,1.0,100.0,54.81999999999999,"{'1': [0, 3, 0], '2': [0, 5, 0], '3': [0, 2, 0], '4': [0, 1, 0], '5': [0, 4, 0]}",0.0009284019470214844,54.81999999999999,CV-VQE,1029.4,"{'1': [0, 1, 2, 3, 4, 5, 0], '2': [0, 0], '3': [0, 0], '4': [0, 0], '5': [0, 0]}",76.63640999794006,0.05325432290654749,1.0,51
VRP_N5_Vehicles6_Layers=1_MaxIter=50_20260724_161111,VRP,20260724_161111,42,5,6,1,50,1.0,100.0,inf,{},8.702278137207031e-05,inf,CV-VQE,1029.4,"{'1': [0, 1, 2, 3, 4, 5, 0], '2': [0, 0], '3': [0, 0], '4': [0, 0], '5': [0, 0], '6': [0, 0]}",76.34991550445557,inf,1.0,51
VRP_N5_Vehicles2_Layers=2_MaxIter=50_20260724_161236,VRP,20260724_161236,42,5,2,2,50,1.0,100.0,31.21,"{'1': [0, 1, 3, 2, 5, 0], '2': [0, 4, 0]}",0.0015840530395507812,31.21,CV-VQE,1029.4,"{'1': [0, 1, 2, 3, 4, 5, 0], '2': [0, 0]}",76.68328547477722,0.030318632212939574,1.0,51
VRP_N5_Vehicles3_Layers=2_MaxIter=50_20260724_161359,VRP,20260724_161359,42,5,3,2,50,1.0,100.0,36.8,"{'1': [0, 1, 2, 3, 0], '2': [0, 4, 0], '3': [0, 5, 0]}",0.002900362014770508,36.8,CV-VQE,1029.4,"{'1': [0, 1, 2, 3, 4, 5, 0], '2': [0, 0], '3': [0, 0]}",82.05063462257385,0.03574897998834272,1.0,51
VRP_N5_Vehicles4_Layers=2_MaxIter=50_20260724_161520,VRP,20260724_161520,42,5,4,2,50,1.0,100.0,45.72,"{'1': [0, 1, 0], '2': [0, 2, 3, 0], '3': [0, 4, 0], '4': [0, 5, 0]}",0.0024106502532958984,45.72,CV-VQE,1029.4,"{'1': [0, 1, 2, 3, 4, 5, 0], '2': [0, 0], '3': [0, 0], '4': [0, 0]}",80.60728073120117,0.044414221876821446,1.0,51
VRP_N5_Vehicles5_Layers=2_MaxIter=50_20260724_161638,VRP,20260724_161638,42,5,5,2,50,1.0,100.0,54.81999999999999,"{'1': [0, 3, 0], '2': [0, 5, 0], '3': [0, 2, 0], '4': [0, 1, 0], '5': [0, 4, 0]}",0.0007584095001220703,54.81999999999999,CV-VQE,1029.4,"{'1': [0, 1, 2, 3, 4, 5, 0], '2': [0, 0], '3': [0, 0], '4': [0, 0], '5': [0, 0]}",76.80483174324036,0.05325432290654749,1.0,51
VRP_N5_Vehicles6_Layers=2_MaxIter=50_20260724_161756,VRP,20260724_161756,42,5,6,2,50,1.0,100.0,inf,{},9.870529174804688e-05,inf,CV-VQE,1029.4,"{'1': [0, 1, 2, 3, 4, 5, 0], '2': [0, 0], '3': [0, 0], '4': [0, 0], '5': [0, 0], '6': [0, 0]}",76.82425117492676,inf,1.0,51
VRP_N5_Vehicles2_Layers=3_MaxIter=50_20260724_161923,VRP,20260724_161923,42,5,2,3,50,1.0,100.0,31.21,"{'1': [0, 1, 3, 2, 5, 0], '2': [0, 4, 0]}",0.001617431640625,31.21,CV-VQE,1029.4,"{'1': [0, 1, 2, 3, 4, 5, 0], '2': [0, 0]}",78.09455180168152,0.030318632212939574,1.0,51
VRP_N5_Vehicles3_Layers=3_MaxIter=50_20260724_162040,VRP,20260724_162040,42,5,3,3,50,1.0,100.0,36.8,"{'1': [0, 1, 2, 3, 0], '2': [0, 4, 0], '3': [0, 5, 0]}",0.0028259754180908203,36.8,CV-VQE,1029.4,"{'1': [0, 1, 2, 3, 4, 5, 0], '2': [0, 0], '3': [0, 0]}",76.85414743423462,0.03574897998834272,1.0,51
VRP_N5_Vehicles4_Layers=3_MaxIter=50_20260724_162158,VRP,20260724_162158,42,5,4,3,50,1.0,100.0,45.72,"{'1': [0, 1, 0], '2': [0, 2, 3, 0], '3': [0, 4, 0], '4': [0, 5, 0]}",0.0023593902587890625,45.72,CV-VQE,1029.4,"{'1': [0, 1, 2, 3, 4, 5, 0], '2': [0, 0], '3': [0, 0], '4': [0, 0]}",77.18939447402954,0.044414221876821446,1.0,51
VRP_N5_Vehicles5_Layers=3_MaxIter=50_20260724_162317,VRP,20260724_162317,42,5,5,3,50,1.0,100.0,54.81999999999999,"{'1': [0, 3, 0], '2': [0, 5, 0], '3': [0, 2, 0], '4': [0, 1, 0], '5': [0, 4, 0]}",0.0007796287536621094,54.81999999999999,CV-VQE,1029.4,"{'1': [0, 1, 2, 3, 4, 5, 0], '2': [0, 0], '3': [0, 0], '4': [0, 0], '5': [0, 0]}",77.33114838600159,0.05325432290654749,1.0,51
VRP_N5_Vehicles6_Layers=3_MaxIter=50_20260724_162435,VRP,20260724_162435,42,5,6,3,50,1.0,100.0,inf,{},8.702278137207031e-05,inf,CV-VQE,1029.4,"{'1': [0, 1, 2, 3, 4, 5, 0], '2': [0, 0], '3': [0, 0], '4': [0, 0], '5': [0, 0], '6': [0, 0]}",77.00537896156311,inf,1.0,51
VRP_N5_Vehicles2_Layers=4_MaxIter=50_20260724_162601,VRP,20260724_162601,42,5,2,4,50,1.0,100.0,31.21,"{'1': [0, 1, 3, 2, 5, 0], '2': [0, 4, 0]}",0.0016295909881591797,31.21,CV-VQE,1029.4,"{'1': [0, 1, 2, 3, 4, 5, 0], '2': [0, 0]}",76.69215679168701,0.030318632212939574,1.0,51
VRP_N5_Vehicles3_Layers=4_MaxIter=50_20260724_162719,VRP,20260724_162719,42,5,3,4,50,1.0,100.0,36.8,"{'1': [0, 1, 2, 3, 0], '2': [0, 4, 0], '3': [0, 5, 0]}",0.002857208251953125,36.8,CV-VQE,1029.4,"{'1': [0, 1, 2, 3, 4, 5, 0], '2': [0, 0], '3': [0, 0]}",76.85514760017395,0.03574897998834272,1.0,51
VRP_N5_Vehicles4_Layers=4_MaxIter=50_20260724_162837,VRP,20260724_162837,42,5,4,4,50,1.0,100.0,45.72,"{'1': [0, 1, 0], '2': [0, 2, 3, 0], '3': [0, 4, 0], '4': [0, 5, 0]}",0.0022864341735839844,45.72,CV-VQE,1029.4,"{'1': [0, 1, 2, 3, 4, 5, 0], '2': [0, 0], '3': [0, 0], '4': [0, 0]}",77.0670952796936,0.044414221876821446,1.0,51
VRP_N5_Vehicles5_Layers=4_MaxIter=50_20260724_162956,VRP,20260724_162956,42,5,5,4,50,1.0,100.0,54.81999999999999,"{'1': [0, 3, 0], '2': [0, 5, 0], '3': [0, 2, 0], '4': [0, 1, 0], '5': [0, 4, 0]}",0.0007698535919189453,54.81999999999999,CV-VQE,1029.4,"{'1': [0, 1, 2, 3, 4, 5, 0], '2': [0, 0], '3': [0, 0], '4': [0, 0], '5': [0, 0]}",77.43445706367493,0.05325432290654749,1.0,51
VRP_N5_Vehicles6_Layers=4_MaxIter=50_20260724_163114,VRP,20260724_163114,42,5,6,4,50,1.0,100.0,inf,{},8.678436279296875e-05,inf,CV-VQE,1029.4,"{'1': [0, 1, 2, 3, 4, 5, 0], '2': [0, 0], '3': [0, 0], '4': [0, 0], '5': [0, 0], '6': [0, 0]}",77.0879738330841,inf,1.0,51
VRP_N5_Vehicles2_Layers=5_MaxIter=50_20260724_163242,VRP,20260724_163242,42,5,2,5,50,1.0,100.0,31.21,"{'1': [0, 1, 3, 2, 5, 0], '2': [0, 4, 0]}",0.0016412734985351562,31.21,CV-VQE,1029.4,"{'1': [0, 1, 2, 3, 4, 5, 0], '2': [0, 0]}",76.68384122848511,0.030318632212939574,1.0,51
VRP_N5_Vehicles3_Layers=5_MaxIter=50_20260724_163400,VRP,20260724_163400,42,5,3,5,50,1.0,100.0,36.8,"{'1': [0, 1, 2, 3, 0], '2': [0, 4, 0], '3': [0, 5, 0]}",0.0029151439666748047,36.8,CV-VQE,1029.4,"{'1': [0, 1, 2, 3, 4, 5, 0], '2': [0, 0], '3': [0, 0]}",77.08744049072266,0.03574897998834272,1.0,51
VRP_N5_Vehicles4_Layers=5_MaxIter=50_20260724_163518,VRP,20260724_163518,42,5,4,5,50,1.0,100.0,45.72,"{'1': [0, 1, 0], '2': [0, 2, 3, 0], '3': [0, 4, 0], '4': [0, 5, 0]}",0.002301931381225586,45.72,CV-VQE,1029.4,"{'1': [0, 1, 2, 3, 4, 5, 0], '2': [0, 0], '3': [0, 0], '4': [0, 0]}",77.05141043663025,0.044414221876821446,1.0,51
VRP_N5_Vehicles5_Layers=5_MaxIter=50_20260724_163636,VRP,20260724_163636,42,5,5,5,50,1.0,100.0,54.81999999999999,"{'1': [0, 3, 0], '2': [0, 5, 0], '3': [0, 2, 0], '4': [0, 1, 0], '5': [0, 4, 0]}",0.0007801055908203125,54.81999999999999,CV-VQE,1029.4,"{'1': [0, 1, 2, 3, 4, 5, 0], '2': [0, 0], '3': [0, 0], '4': [0, 0], '5': [0, 0]}",77.37817311286926,0.05325432290654749,1.0,51
VRP_N5_Vehicles6_Layers=5_MaxIter=50_20260724_163755,VRP,20260724_163755,42,5,6,5,50,1.0,100.0,inf,{},8.606910705566406e-05,inf,CV-VQE,1029.4,"{'1': [0, 1, 2, 3, 4, 5, 0], '2': [0, 0], '3': [0, 0], '4': [0, 0], '5': [0, 0], '6': [0, 0]}",77.12393355369568,inf,1.0,51
VRP_N5_Vehicles2_Layers=1_MaxIter=75_20260724_163954,VRP,20260724_163954,42,5,2,1,75,1.0,100.0,31.21,"{'1': [0, 1, 3, 2, 5, 0], '2': [0, 4, 0]}",0.0016224384307861328,31.21,CV-VQE,1029.4,"{'1': [0, 1, 2, 3, 4, 5, 0], '2': [0, 0]}",114.10054349899292,0.030318632212939574,1.0,76
VRP_N5_Vehicles3_Layers=1_MaxIter=75_20260724_164150,VRP,20260724_164150,42,5,3,1,75,1.0,100.0,36.8,"{'1': [0, 1, 2, 3, 0], '2': [0, 4, 0], '3': [0, 5, 0]}",0.0027697086334228516,36.8,CV-VQE,1029.4,"{'1': [0, 1, 2, 3, 4, 5, 0], '2': [0, 0], '3': [0, 0]}",114.78535914421082,0.03574897998834272,1.0,76
VRP_N5_Vehicles4_Layers=1_MaxIter=75_20260724_164346,VRP,20260724_164346,42,5,4,1,75,1.0,100.0,45.72,"{'1': [0, 1, 0], '2': [0, 2, 3, 0], '3': [0, 4, 0], '4': [0, 5, 0]}",0.0023131370544433594,45.72,CV-VQE,1029.4,"{'1': [0, 1, 2, 3, 4, 5, 0], '2': [0, 0], '3': [0, 0], '4': [0, 0]}",114.84708046913147,0.044414221876821446,1.0,76
VRP_N5_Vehicles5_Layers=1_MaxIter=75_20260724_164542,VRP,20260724_164542,42,5,5,1,75,1.0,100.0,54.81999999999999,"{'1': [0, 3, 0], '2': [0, 5, 0], '3': [0, 2, 0], '4': [0, 1, 0], '5': [0, 4, 0]}",0.0007572174072265625,54.81999999999999,CV-VQE,1029.4,"{'1': [0, 1, 2, 3, 4, 5, 0], '2': [0, 0], '3': [0, 0], '4': [0, 0], '5': [0, 0]}",114.75617504119873,0.05325432290654749,1.0,76
VRP_N5_Vehicles6_Layers=1_MaxIter=75_20260724_164758,VRP,20260724_164758,42,5,6,1,75,1.0,100.0,inf,{},8.797645568847656e-05,inf,CV-VQE,1029.4,"{'1': [0, 1, 2, 3, 4, 5, 0], '2': [0, 0], '3': [0, 0], '4': [0, 0], '5': [0, 0], '6': [0, 0]}",135.0437228679657,inf,1.0,76
VRP_N5_Vehicles2_Layers=2_MaxIter=75_20260724_165004,VRP,20260724_165004,42,5,2,2,75,1.0,100.0,31.21,"{'1': [0, 1, 3, 2, 5, 0], '2': [0, 4, 0]}",0.0016100406646728516,31.21,CV-VQE,1029.4,"{'1': [0, 1, 2, 3, 4, 5, 0], '2': [0, 0]}",115.43386340141296,0.030318632212939574,1.0,76
VRP_N5_Vehicles3_Layers=2_MaxIter=75_20260724_165200,VRP,20260724_165200,42,5,3,2,75,1.0,100.0,36.8,"{'1': [0, 1, 2, 3, 0], '2': [0, 4, 0], '3': [0, 5, 0]}",0.002811431884765625,36.8,CV-VQE,1029.4,"{'1': [0, 1, 2, 3, 4, 5, 0], '2': [0, 0], '3': [0, 0]}",115.49619841575623,0.03574897998834272,1.0,76
VRP_N5_Vehicles4_Layers=2_MaxIter=75_20260724_165355,VRP,20260724_165355,42,5,4,2,75,1.0,100.0,45.72,"{'1': [0, 1, 0], '2': [0, 2, 3, 0], '3': [0, 4, 0], '4': [0, 5, 0]}",0.002370595932006836,45.72,CV-VQE,1029.4,"{'1': [0, 1, 2, 3, 4, 5, 0], '2': [0, 0], '3': [0, 0], '4': [0, 0]}",114.2257034778595,0.044414221876821446,1.0,76
VRP_N5_Vehicles5_Layers=2_MaxIter=75_20260724_165550,VRP,20260724_165550,42,5,5,2,75,1.0,100.0,54.81999999999999,"{'1': [0, 3, 0], '2': [0, 5, 0], '3': [0, 2, 0], '4': [0, 1, 0], '5': [0, 4, 0]}",0.0007872581481933594,54.81999999999999,CV-VQE,1029.4,"{'1': [0, 1, 2, 3, 4, 5, 0], '2': [0, 0], '3': [0, 0], '4': [0, 0], '5': [0, 0]}",114.07590579986572,0.05325432290654749,1.0,76
VRP_N5_Vehicles6_Layers=2_MaxIter=75_20260724_165746,VRP,20260724_165746,42,5,6,2,75,1.0,100.0,inf,{},0.00010943412780761719,inf,CV-VQE,1029.4,"{'1': [0, 1, 2, 3, 4, 5, 0], '2': [0, 0], '3': [0, 0], '4': [0, 0], '5': [0, 0], '6': [0, 0]}",115.06689095497131,inf,1.0,76
VRP_N5_Vehicles2_Layers=3_MaxIter=75_20260724_165950,VRP,20260724_165950,42,5,2,3,75,1.0,100.0,31.21,"{'1': [0, 1, 3, 2, 5, 0], '2': [0, 4, 0]}",0.0015921592712402344,31.21,CV-VQE,1029.4,"{'1': [0, 1, 2, 3, 4, 5, 0], '2': [0, 0]}",113.96663045883179,0.030318632212939574,1.0,76
VRP_N5_Vehicles3_Layers=3_MaxIter=75_20260724_170146,VRP,20260724_170146,42,5,3,3,75,1.0,100.0,36.8,"{'1': [0, 1, 2, 3, 0], '2': [0, 4, 0], '3': [0, 5, 0]}",0.0028145313262939453,36.8,CV-VQE,1029.4,"{'1': [0, 1, 2, 3, 4, 5, 0], '2': [0, 0], '3': [0, 0]}",114.86368036270142,0.03574897998834272,1.0,76
VRP_N5_Vehicles4_Layers=3_MaxIter=75_20260724_170342,VRP,20260724_170342,42,5,4,3,75,1.0,100.0,45.72,"{'1': [0, 1, 0], '2': [0, 2, 3, 0], '3': [0, 4, 0], '4': [0, 5, 0]}",0.0023691654205322266,45.72,CV-VQE,1029.4,"{'1': [0, 1, 2, 3, 4, 5, 0], '2': [0, 0], '3': [0, 0], '4': [0, 0]}",115.0092933177948,0.044414221876821446,1.0,76
VRP_N5_Vehicles5_Layers=3_MaxIter=75_20260724_170538,VRP,20260724_170538,42,5,5,3,75,1.0,100.0,54.81999999999999,"{'1': [0, 3, 0], '2': [0, 5, 0], '3': [0, 2, 0], '4': [0, 1, 0], '5': [0, 4, 0]}",0.0007648468017578125,54.81999999999999,CV-VQE,1029.4,"{'1': [0, 1, 2, 3, 4, 5, 0], '2': [0, 0], '3': [0, 0], '4': [0, 0], '5': [0, 0]}",115.16536927223206,0.05325432290654749,1.0,76
VRP_N5_Vehicles6_Layers=3_MaxIter=75_20260724_170734,VRP,20260724_170734,42,5,6,3,75,1.0,100.0,inf,{},9.775161743164062e-05,inf,CV-VQE,1029.4,"{'1': [0, 1, 2, 3, 4, 5, 0], '2': [0, 0], '3': [0, 0], '4': [0, 0], '5': [0, 0], '6': [0, 0]}",114.98000383377075,inf,1.0,76
VRP_N5_Vehicles2_Layers=4_MaxIter=75_20260724_170944,VRP,20260724_170944,42,5,2,4,75,1.0,100.0,31.21,"{'1': [0, 1, 3, 2, 5, 0], '2': [0, 4, 0]}",0.0016083717346191406,31.21,CV-VQE,1029.4,"{'1': [0, 1, 2, 3, 4, 5, 0], '2': [0, 0]}",115.12984895706177,0.030318632212939574,1.0,76
VRP_N5_Vehicles3_Layers=4_MaxIter=75_20260724_171140,VRP,20260724_171140,42,5,3,4,75,1.0,100.0,36.8,"{'1': [0, 1, 2, 3, 0], '2': [0, 4, 0], '3': [0, 5, 0]}",0.002852201461791992,36.8,CV-VQE,1029.4,"{'1': [0, 1, 2, 3, 4, 5, 0], '2': [0, 0], '3': [0, 0]}",114.91690707206726,0.03574897998834272,1.0,76
VRP_N5_Vehicles4_Layers=4_MaxIter=75_20260724_171336,VRP,20260724_171336,42,5,4,4,75,1.0,100.0,45.72,"{'1': [0, 1, 0], '2': [0, 2, 3, 0], '3': [0, 4, 0], '4': [0, 5, 0]}",0.002321004867553711,45.72,CV-VQE,1029.4,"{'1': [0, 1, 2, 3, 4, 5, 0], '2': [0, 0], '3': [0, 0], '4': [0, 0]}",115.21654772758484,0.044414221876821446,1.0,76
VRP_N5_Vehicles5_Layers=4_MaxIter=75_20260724_171553,VRP,20260724_171553,42,5,5,4,75,1.0,100.0,54.81999999999999,"{'1': [0, 3, 0], '2': [0, 5, 0], '3': [0, 2, 0], '4': [0, 1, 0], '5': [0, 4, 0]}",0.0007927417755126953,54.81999999999999,CV-VQE,1029.4,"{'1': [0, 1, 2, 3, 4, 5, 0], '2': [0, 0], '3': [0, 0], '4': [0, 0], '5': [0, 0]}",136.11303091049194,0.05325432290654749,1.0,76
VRP_N5_Vehicles6_Layers=4_MaxIter=75_20260724_171749,VRP,20260724_171749,42,5,6,4,75,1.0,100.0,inf,{},9.894371032714844e-05,inf,CV-VQE,1029.4,"{'1': [0, 1, 2, 3, 4, 5, 0], '2': [0, 0], '3': [0, 0], '4': [0, 0], '5': [0, 0], '6': [0, 0]}",114.5858952999115,inf,1.0,76
VRP_N5_Vehicles2_Layers=5_MaxIter=75_20260724_171957,VRP,20260724_171957,42,5,2,5,75,1.0,100.0,31.21,"{'1': [0, 1, 3, 2, 5, 0], '2': [0, 4, 0]}",0.0016589164733886719,31.21,CV-VQE,1029.4,"{'1': [0, 1, 2, 3, 4, 5, 0], '2': [0, 0]}",114.6079638004303,0.030318632212939574,1.0,76
VRP_N5_Vehicles3_Layers=5_MaxIter=75_20260724_172152,VRP,20260724_172152,42,5,3,5,75,1.0,100.0,36.8,"{'1': [0, 1, 2, 3, 0], '2': [0, 4, 0], '3': [0, 5, 0]}",0.002814769744873047,36.8,CV-VQE,1029.4,"{'1': [0, 1, 2, 3, 4, 5, 0], '2': [0, 0], '3': [0, 0]}",114.40887546539307,0.03574897998834272,1.0,76
VRP_N5_Vehicles4_Layers=5_MaxIter=75_20260724_172348,VRP,20260724_172348,42,5,4,5,75,1.0,100.0,45.72,"{'1': [0, 1, 0], '2': [0, 2, 3, 0], '3': [0, 4, 0], '4': [0, 5, 0]}",0.002343893051147461,45.72,CV-VQE,1029.4,"{'1': [0, 1, 2, 3, 4, 5, 0], '2': [0, 0], '3': [0, 0], '4': [0, 0]}",114.70404815673828,0.044414221876821446,1.0,76
VRP_N5_Vehicles5_Layers=5_MaxIter=75_20260724_172544,VRP,20260724_172544,42,5,5,5,75,1.0,100.0,54.81999999999999,"{'1': [0, 3, 0], '2': [0, 5, 0], '3': [0, 2, 0], '4': [0, 1, 0], '5': [0, 4, 0]}",0.0007674694061279297,54.81999999999999,CV-VQE,1029.4,"{'1': [0, 1, 2, 3, 4, 5, 0], '2': [0, 0], '3': [0, 0], '4': [0, 0], '5': [0, 0]}",114.63656640052795,0.05325432290654749,1.0,76
VRP_N5_Vehicles6_Layers=5_MaxIter=75_20260724_172739,VRP,20260724_172739,42,5,6,5,75,1.0,100.0,inf,{},9.775161743164062e-05,inf,CV-VQE,1029.4,"{'1': [0, 1, 2, 3, 4, 5, 0], '2': [0, 0], '3': [0, 0], '4': [0, 0], '5': [0, 0], '6': [0, 0]}",114.64184212684631,inf,1.0,76
VRP_N5_Vehicles2_Layers=1_MaxIter=100_20260724_173019,VRP,20260724_173019,42,5,2,1,100,1.0,100.0,31.21,"{'1': [0, 1, 3, 2, 5, 0], '2': [0, 4, 0]}",0.0015683174133300781,31.21,CV-VQE,1029.4,"{'1': [0, 1, 2, 3, 4, 5, 0], '2': [0, 0]}",150.63686871528625,0.030318632212939574,1.0,101
VRP_N5_Vehicles3_Layers=1_MaxIter=100_20260724_173251,VRP,20260724_173251,42,5,3,1,100,1.0,100.0,36.8,"{'1': [0, 1, 2, 3, 0], '2': [0, 4, 0], '3': [0, 5, 0]}",0.0028066635131835938,36.8,CV-VQE,1029.4,"{'1': [0, 1, 2, 3, 4, 5, 0], '2': [0, 0], '3': [0, 0]}",150.76185178756714,0.03574897998834272,1.0,101
VRP_N5_Vehicles4_Layers=1_MaxIter=100_20260724_173522,VRP,20260724_173522,42,5,4,1,100,1.0,100.0,45.72,"{'1': [0, 1, 0], '2': [0, 2, 3, 0], '3': [0, 4, 0], '4': [0, 5, 0]}",0.0022804737091064453,45.72,CV-VQE,1029.4,"{'1': [0, 1, 2, 3, 4, 5, 0], '2': [0, 0], '3': [0, 0], '4': [0, 0]}",150.46889281272888,0.044414221876821446,1.0,101
VRP_N5_Vehicles5_Layers=1_MaxIter=100_20260724_173754,VRP,20260724_173754,42,5,5,1,100,1.0,100.0,54.81999999999999,"{'1': [0, 3, 0], '2': [0, 5, 0], '3': [0, 2, 0], '4': [0, 1, 0], '5': [0, 4, 0]}",0.0007767677307128906,54.81999999999999,CV-VQE,1029.4,"{'1': [0, 1, 2, 3, 4, 5, 0], '2': [0, 0], '3': [0, 0], '4': [0, 0], '5': [0, 0]}",150.6143729686737,0.05325432290654749,1.0,101
VRP_N5_Vehicles6_Layers=1_MaxIter=100_20260724_174026,VRP,20260724_174026,42,5,6,1,100,1.0,100.0,inf,{},9.131431579589844e-05,inf,CV-VQE,1029.4,"{'1': [0, 1, 2, 3, 4, 5, 0], '2': [0, 0], '3': [0, 0], '4': [0, 0], '5': [0, 0], '6': [0, 0]}",151.3648796081543,inf,1.0,101
VRP_N5_Vehicles2_Layers=2_MaxIter=100_20260724_174307,VRP,20260724_174307,42,5,2,2,100,1.0,100.0,31.21,"{'1': [0, 1, 3, 2, 5, 0], '2': [0, 4, 0]}",0.0016012191772460938,31.21,CV-VQE,1029.4,"{'1': [0, 1, 2, 3, 4, 5, 0], '2': [0, 0]}",151.35461974143982,0.030318632212939574,1.0,101
VRP_N5_Vehicles3_Layers=2_MaxIter=100_20260724_174539,VRP,20260724_174539,42,5,3,2,100,1.0,100.0,36.8,"{'1': [0, 1, 2, 3, 0], '2': [0, 4, 0], '3': [0, 5, 0]}",0.0029032230377197266,36.8,CV-VQE,1029.4,"{'1': [0, 1, 2, 3, 4, 5, 0], '2': [0, 0], '3': [0, 0]}",151.4511387348175,0.03574897998834272,1.0,101
VRP_N5_Vehicles4_Layers=2_MaxIter=100_20260724_174819,VRP,20260724_174819,42,5,4,2,100,1.0,100.0,45.72,"{'1': [0, 1, 0], '2': [0, 2, 3, 0], '3': [0, 4, 0], '4': [0, 5, 0]}",0.0023956298828125,45.72,CV-VQE,1029.4,"{'1': [0, 1, 2, 3, 4, 5, 0], '2': [0, 0], '3': [0, 0], '4': [0, 0]}",159.23567652702332,0.044414221876821446,1.0,101
VRP_N5_Vehicles5_Layers=2_MaxIter=100_20260724_175055,VRP,20260724_175055,42,5,5,2,100,1.0,100.0,54.81999999999999,"{'1': [0, 3, 0], '2': [0, 5, 0], '3': [0, 2, 0], '4': [0, 1, 0], '5': [0, 4, 0]}",0.0008025169372558594,54.81999999999999,CV-VQE,1029.4,"{'1': [0, 1, 2, 3, 4, 5, 0], '2': [0, 0], '3': [0, 0], '4': [0, 0], '5': [0, 0]}",154.46397233009338,0.05325432290654749,1.0,101
VRP_N5_Vehicles6_Layers=2_MaxIter=100_20260724_175328,VRP,20260724_175328,42,5,6,2,100,1.0,100.0,inf,{},0.00010347366333007812,inf,CV-VQE,1029.4,"{'1': [0, 1, 2, 3, 4, 5, 0], '2': [0, 0], '3': [0, 0], '4': [0, 0], '5': [0, 0], '6': [0, 0]}",152.10668444633484,inf,1.0,101
VRP_N5_Vehicles2_Layers=3_MaxIter=100_20260724_175612,VRP,20260724_175612,42,5,2,3,100,1.0,100.0,31.21,"{'1': [0, 1, 3, 2, 5, 0], '2': [0, 4, 0]}",0.0015981197357177734,31.21,CV-VQE,1029.4,"{'1': [0, 1, 2, 3, 4, 5, 0], '2': [0, 0]}",152.61503744125366,0.030318632212939574,1.0,101
VRP_N5_Vehicles3_Layers=3_MaxIter=100_20260724_175845,VRP,20260724_175845,42,5,3,3,100,1.0,100.0,36.8,"{'1': [0, 1, 2, 3, 0], '2': [0, 4, 0], '3': [0, 5, 0]}",0.002901792526245117,36.8,CV-VQE,1029.4,"{'1': [0, 1, 2, 3, 4, 5, 0], '2': [0, 0], '3': [0, 0]}",152.00053215026855,0.03574897998834272,1.0,101
VRP_N5_Vehicles4_Layers=3_MaxIter=100_20260724_180119,VRP,20260724_180119,42,5,4,3,100,1.0,100.0,45.72,"{'1': [0, 1, 0], '2': [0, 2, 3, 0], '3': [0, 4, 0], '4': [0, 5, 0]}",0.0025055408477783203,45.72,CV-VQE,1029.4,"{'1': [0, 1, 2, 3, 4, 5, 0], '2': [0, 0], '3': [0, 0], '4': [0, 0]}",152.5100781917572,0.044414221876821446,1.0,101
VRP_N5_Vehicles5_Layers=3_MaxIter=100_20260724_180352,VRP,20260724_180352,42,5,5,3,100,1.0,100.0,54.81999999999999,"{'1': [0, 3, 0], '2': [0, 5, 0], '3': [0, 2, 0], '4': [0, 1, 0], '5': [0, 4, 0]}",0.0008063316345214844,54.81999999999999,CV-VQE,1029.4,"{'1': [0, 1, 2, 3, 4, 5, 0], '2': [0, 0], '3': [0, 0], '4': [0, 0], '5': [0, 0]}",152.14223957061768,0.05325432290654749,1.0,101
VRP_N5_Vehicles6_Layers=3_MaxIter=100_20260724_180626,VRP,20260724_180626,42,5,6,3,100,1.0,100.0,inf,{},8.606910705566406e-05,inf,CV-VQE,1029.4,"{'1': [0, 1, 2, 3, 4, 5, 0], '2': [0, 0], '3': [0, 0], '4': [0, 0], '5': [0, 0], '6': [0, 0]}",152.63647198677063,inf,1.0,101
VRP_N5_Vehicles2_Layers=4_MaxIter=100_20260724_180912,VRP,20260724_180912,42,5,2,4,100,1.0,100.0,31.21,"{'1': [0, 1, 3, 2, 5, 0], '2': [0, 4, 0]}",0.0015883445739746094,31.21,CV-VQE,1029.4,"{'1': [0, 1, 2, 3, 4, 5, 0], '2': [0, 0]}",152.0361409187317,0.030318632212939574,1.0,101
VRP_N5_Vehicles3_Layers=4_MaxIter=100_20260724_181146,VRP,20260724_181146,42,5,3,4,100,1.0,100.0,36.8,"{'1': [0, 1, 2, 3, 0], '2': [0, 4, 0], '3': [0, 5, 0]}",0.0028433799743652344,36.8,CV-VQE,1029.4,"{'1': [0, 1, 2, 3, 4, 5, 0], '2': [0, 0], '3': [0, 0]}",152.59080028533936,0.03574897998834272,1.0,101
VRP_N5_Vehicles4_Layers=4_MaxIter=100_20260724_181419,VRP,20260724_181419,42,5,4,4,100,1.0,100.0,45.72,"{'1': [0, 1, 0], '2': [0, 2, 3, 0], '3': [0, 4, 0], '4': [0, 5, 0]}",0.0022602081298828125,45.72,CV-VQE,1029.4,"{'1': [0, 1, 2, 3, 4, 5, 0], '2': [0, 0], '3': [0, 0], '4': [0, 0]}",152.66708040237427,0.044414221876821446,1.0,101
VRP_N5_Vehicles5_Layers=4_MaxIter=100_20260724_181653,VRP,20260724_181653,42,5,5,4,100,1.0,100.0,54.81999999999999,"{'1': [0, 3, 0], '2': [0, 5, 0], '3': [0, 2, 0], '4': [0, 1, 0], '5': [0, 4, 0]}",0.0008230209350585938,54.81999999999999,CV-VQE,1029.4,"{'1': [0, 1, 2, 3, 4, 5, 0], '2': [0, 0], '3': [0, 0], '4': [0, 0], '5': [0, 0]}",152.78213596343994,0.05325432290654749,1.0,101
VRP_N5_Vehicles6_Layers=4_MaxIter=100_20260724_181927,VRP,20260724_181927,42,5,6,4,100,1.0,100.0,inf,{},0.00010275840759277344,inf,CV-VQE,1029.4,"{'1': [0, 1, 2, 3, 4, 5, 0], '2': [0, 0], '3': [0, 0], '4': [0, 0], '5': [0, 0], '6': [0, 0]}",152.9130539894104,inf,1.0,101
VRP_N5_Vehicles2_Layers=5_MaxIter=100_20260724_182218,VRP,20260724_182218,42,5,2,5,100,1.0,100.0,31.21,"{'1': [0, 1, 3, 2, 5, 0], '2': [0, 4, 0]}",0.0015799999237060547,31.21,CV-VQE,1029.4,"{'1': [0, 1, 2, 3, 4, 5, 0], '2': [0, 0]}",153.3236379623413,0.030318632212939574,1.0,101
VRP_N5_Vehicles3_Layers=5_MaxIter=100_20260724_182451,VRP,20260724_182451,42,5,3,5,100,1.0,100.0,36.8,"{'1': [0, 1, 2, 3, 0], '2': [0, 4, 0], '3': [0, 5, 0]}",0.0028676986694335938,36.8,CV-VQE,1029.4,"{'1': [0, 1, 2, 3, 4, 5, 0], '2': [0, 0], '3': [0, 0]}",152.8411421775818,0.03574897998834272,1.0,101
VRP_N5_Vehicles4_Layers=5_MaxIter=100_20260724_182725,VRP,20260724_182725,42,5,4,5,100,1.0,100.0,45.72,"{'1': [0, 1, 0], '2': [0, 2, 3, 0], '3': [0, 4, 0], '4': [0, 5, 0]}",0.002274751663208008,45.72,CV-VQE,1029.4,"{'1': [0, 1, 2, 3, 4, 5, 0], '2': [0, 0], '3': [0, 0], '4': [0, 0]}",153.03673195838928,0.044414221876821446,1.0,101
VRP_N5_Vehicles5_Layers=5_MaxIter=100_20260724_182959,VRP,20260724_182959,42,5,5,5,100,1.0,100.0,54.81999999999999,"{'1': [0, 3, 0], '2': [0, 5, 0], '3': [0, 2, 0], '4': [0, 1, 0], '5': [0, 4, 0]}",0.0007443428039550781,54.81999999999999,CV-VQE,1029.4,"{'1': [0, 1, 2, 3, 4, 5, 0], '2': [0, 0], '3': [0, 0], '4': [0, 0], '5': [0, 0]}",152.9939296245575,0.05325432290654749,1.0,101
VRP_N5_Vehicles6_Layers=5_MaxIter=100_20260724_183234,VRP,20260724_183234,42,5,6,5,100,1.0,100.0,inf,{},0.00011873245239257812,inf,CV-VQE,1029.4,"{'1': [0, 1, 2, 3, 4, 5, 0], '2': [0, 0], '3': [0, 0], '4': [0, 0], '5': [0, 0], '6': [0, 0]}",153.138356924057,inf,1.0,101
VRP_N5_Vehicles2_Layers=1_MaxIter=125_20260724_183549,VRP,20260724_183549,42,5,2,1,125,1.0,100.0,31.21,"{'1': [0, 1, 3, 2, 5, 0], '2': [0, 4, 0]}",0.0016248226165771484,31.21,CV-VQE,1029.4,"{'1': [0, 1, 2, 3, 4, 5, 0], '2': [0, 0]}",188.59040713310242,0.030318632212939574,1.0,126
VRP_N5_Vehicles3_Layers=1_MaxIter=125_20260724_183918,VRP,20260724_183918,42,5,3,1,125,1.0,100.0,36.8,"{'1': [0, 1, 2, 3, 0], '2': [0, 4, 0], '3': [0, 5, 0]}",0.0028505325317382812,36.8,CV-VQE,1029.4,"{'1': [0, 1, 2, 3, 4, 5, 0], '2': [0, 0], '3': [0, 0]}",207.66418290138245,0.03574897998834272,1.0,126
VRP_N5_Vehicles4_Layers=1_MaxIter=125_20260724_184230,VRP,20260724_184230,42,5,4,1,125,1.0,100.0,45.72,"{'1': [0, 1, 0], '2': [0, 2, 3, 0], '3': [0, 4, 0], '4': [0, 5, 0]}",0.0024690628051757812,45.72,CV-VQE,1029.4,"{'1': [0, 1, 2, 3, 4, 5, 0], '2': [0, 0], '3': [0, 0], '4': [0, 0]}",191.46949982643127,0.044414221876821446,1.0,126
VRP_N5_Vehicles5_Layers=1_MaxIter=125_20260724_184538,VRP,20260724_184538,42,5,5,1,125,1.0,100.0,54.81999999999999,"{'1': [0, 3, 0], '2': [0, 5, 0], '3': [0, 2, 0], '4': [0, 1, 0], '5': [0, 4, 0]}",0.0007503032684326172,54.81999999999999,CV-VQE,1029.4,"{'1': [0, 1, 2, 3, 4, 5, 0], '2': [0, 0], '3': [0, 0], '4': [0, 0], '5': [0, 0]}",186.25898671150208,0.05325432290654749,1.0,126
VRP_N5_Vehicles6_Layers=1_MaxIter=125_20260724_184844,VRP,20260724_184844,42,5,6,1,125,1.0,100.0,inf,{},0.00010061264038085938,inf,CV-VQE,1029.4,"{'1': [0, 1, 2, 3, 4, 5, 0], '2': [0, 0], '3': [0, 0], '4': [0, 0], '5': [0, 0], '6': [0, 0]}",185.2505738735199,inf,1.0,126
VRP_N5_Vehicles2_Layers=2_MaxIter=125_20260724_185159,VRP,20260724_185159,42,5,2,2,125,1.0,100.0,31.21,"{'1': [0, 1, 3, 2, 5, 0], '2': [0, 4, 0]}",0.001651763916015625,31.21,CV-VQE,1029.4,"{'1': [0, 1, 2, 3, 4, 5, 0], '2': [0, 0]}",184.762592792511,0.030318632212939574,1.0,126
VRP_N5_Vehicles3_Layers=2_MaxIter=125_20260724_185504,VRP,20260724_185504,42,5,3,2,125,1.0,100.0,36.8,"{'1': [0, 1, 2, 3, 0], '2': [0, 4, 0], '3': [0, 5, 0]}",0.0030994415283203125,36.8,CV-VQE,1029.4,"{'1': [0, 1, 2, 3, 4, 5, 0], '2': [0, 0], '3': [0, 0]}",183.58882880210876,0.03574897998834272,1.0,126
VRP_N5_Vehicles4_Layers=2_MaxIter=125_20260724_185809,VRP,20260724_185809,42,5,4,2,125,1.0,100.0,45.72,"{'1': [0, 1, 0], '2': [0, 2, 3, 0], '3': [0, 4, 0], '4': [0, 5, 0]}",0.002270221710205078,45.72,CV-VQE,1029.4,"{'1': [0, 1, 2, 3, 4, 5, 0], '2': [0, 0], '3': [0, 0], '4': [0, 0]}",184.28988194465637,0.044414221876821446,1.0,126
VRP_N5_Vehicles5_Layers=2_MaxIter=125_20260724_190116,VRP,20260724_190116,42,5,5,2,125,1.0,100.0,54.81999999999999,"{'1': [0, 3, 0], '2': [0, 5, 0], '3': [0, 2, 0], '4': [0, 1, 0], '5': [0, 4, 0]}",0.0007646083831787109,54.81999999999999,CV-VQE,1029.4,"{'1': [0, 1, 2, 3, 4, 5, 0], '2': [0, 0], '3': [0, 0], '4': [0, 0], '5': [0, 0]}",185.785484790802,0.05325432290654749,1.0,126
VRP_N5_Vehicles6_Layers=2_MaxIter=125_20260724_190424,VRP,20260724_190424,42,5,6,2,125,1.0,100.0,inf,{},0.00010561943054199219,inf,CV-VQE,1029.4,"{'1': [0, 1, 2, 3, 4, 5, 0], '2': [0, 0], '3': [0, 0], '4': [0, 0], '5': [0, 0], '6': [0, 0]}",186.82093119621277,inf,1.0,126
VRP_N5_Vehicles2_Layers=3_MaxIter=125_20260724_190747,VRP,20260724_190747,42,5,2,3,125,1.0,100.0,31.21,"{'1': [0, 1, 3, 2, 5, 0], '2': [0, 4, 0]}",0.0016319751739501953,31.21,CV-VQE,1029.4,"{'1': [0, 1, 2, 3, 4, 5, 0], '2': [0, 0]}",184.09867358207703,0.030318632212939574,1.0,126
VRP_N5_Vehicles3_Layers=3_MaxIter=125_20260724_191052,VRP,20260724_191052,42,5,3,3,125,1.0,100.0,36.8,"{'1': [0, 1, 2, 3, 0], '2': [0, 4, 0], '3': [0, 5, 0]}",0.0028815269470214844,36.8,CV-VQE,1029.4,"{'1': [0, 1, 2, 3, 4, 5, 0], '2': [0, 0], '3': [0, 0]}",184.31236600875854,0.03574897998834272,1.0,126
VRP_N5_Vehicles4_Layers=3_MaxIter=125_20260724_191357,VRP,20260724_191357,42,5,4,3,125,1.0,100.0,45.72,"{'1': [0, 1, 0], '2': [0, 2, 3, 0], '3': [0, 4, 0], '4': [0, 5, 0]}",0.0022995471954345703,45.72,CV-VQE,1029.4,"{'1': [0, 1, 2, 3, 4, 5, 0], '2': [0, 0], '3': [0, 0], '4': [0, 0]}",184.2354199886322,0.044414221876821446,1.0,126
VRP_N5_Vehicles5_Layers=3_MaxIter=125_20260724_191703,VRP,20260724_191703,42,5,5,3,125,1.0,100.0,54.81999999999999,"{'1': [0, 3, 0], '2': [0, 5, 0], '3': [0, 2, 0], '4': [0, 1, 0], '5': [0, 4, 0]}",0.000797271728515625,54.81999999999999,CV-VQE,1029.4,"{'1': [0, 1, 2, 3, 4, 5, 0], '2': [0, 0], '3': [0, 0], '4': [0, 0], '5': [0, 0]}",184.14027404785156,0.05325432290654749,1.0,126
VRP_N5_Vehicles6_Layers=3_MaxIter=125_20260724_192008,VRP,20260724_192008,42,5,6,3,125,1.0,100.0,inf,{},9.942054748535156e-05,inf,CV-VQE,1029.4,"{'1': [0, 1, 2, 3, 4, 5, 0], '2': [0, 0], '3': [0, 0], '4': [0, 0], '5': [0, 0], '6': [0, 0]}",184.02457857131958,inf,1.0,126
VRP_N5_Vehicles2_Layers=4_MaxIter=125_20260724_192336,VRP,20260724_192336,42,5,2,4,125,1.0,100.0,31.21,"{'1': [0, 1, 3, 2, 5, 0], '2': [0, 4, 0]}",0.0016019344329833984,31.21,CV-VQE,1029.4,"{'1': [0, 1, 2, 3, 4, 5, 0], '2': [0, 0]}",186.34023118019104,0.030318632212939574,1.0,126
VRP_N5_Vehicles3_Layers=4_MaxIter=125_20260724_192647,VRP,20260724_192647,42,5,3,4,125,1.0,100.0,36.8,"{'1': [0, 1, 2, 3, 0], '2': [0, 4, 0], '3': [0, 5, 0]}",0.0027818679809570312,36.8,CV-VQE,1029.4,"{'1': [0, 1, 2, 3, 4, 5, 0], '2': [0, 0], '3': [0, 0]}",189.62920451164246,0.03574897998834272,1.0,126
VRP_N5_Vehicles4_Layers=4_MaxIter=125_20260724_192953,VRP,20260724_192953,42,5,4,4,125,1.0,100.0,45.72,"{'1': [0, 1, 0], '2': [0, 2, 3, 0], '3': [0, 4, 0], '4': [0, 5, 0]}",0.0023310184478759766,45.72,CV-VQE,1029.4,"{'1': [0, 1, 2, 3, 4, 5, 0], '2': [0, 0], '3': [0, 0], '4': [0, 0]}",185.54709815979004,0.044414221876821446,1.0,126
VRP_N5_Vehicles5_Layers=4_MaxIter=125_20260724_193300,VRP,20260724_193300,42,5,5,4,125,1.0,100.0,54.81999999999999,"{'1': [0, 3, 0], '2': [0, 5, 0], '3': [0, 2, 0], '4': [0, 1, 0], '5': [0, 4, 0]}",0.0007686614990234375,54.81999999999999,CV-VQE,1029.4,"{'1': [0, 1, 2, 3, 4, 5, 0], '2': [0, 0], '3': [0, 0], '4': [0, 0], '5': [0, 0]}",185.76421761512756,0.05325432290654749,1.0,126
VRP_N5_Vehicles6_Layers=4_MaxIter=125_20260724_193608,VRP,20260724_193608,42,5,6,4,125,1.0,100.0,inf,{},9.989738464355469e-05,inf,CV-VQE,1029.4,"{'1': [0, 1, 2, 3, 4, 5, 0], '2': [0, 0], '3': [0, 0], '4': [0, 0], '5': [0, 0], '6': [0, 0]}",186.49875688552856,inf,1.0,126
VRP_N5_Vehicles2_Layers=5_MaxIter=125_20260724_193939,VRP,20260724_193939,42,5,2,5,125,1.0,100.0,31.21,"{'1': [0, 1, 3, 2, 5, 0], '2': [0, 4, 0]}",0.001621246337890625,31.21,CV-VQE,1029.4,"{'1': [0, 1, 2, 3, 4, 5, 0], '2': [0, 0]}",185.17279410362244,0.030318632212939574,1.0,126
VRP_N5_Vehicles3_Layers=5_MaxIter=125_20260724_194245,VRP,20260724_194245,42,5,3,5,125,1.0,100.0,36.8,"{'1': [0, 1, 2, 3, 0], '2': [0, 4, 0], '3': [0, 5, 0]}",0.0028274059295654297,36.8,CV-VQE,1029.4,"{'1': [0, 1, 2, 3, 4, 5, 0], '2': [0, 0], '3': [0, 0]}",185.30540537834167,0.03574897998834272,1.0,126
VRP_N5_Vehicles4_Layers=5_MaxIter=125_20260724_194552,VRP,20260724_194552,42,5,4,5,125,1.0,100.0,45.72,"{'1': [0, 1, 0], '2': [0, 2, 3, 0], '3': [0, 4, 0], '4': [0, 5, 0]}",0.0022385120391845703,45.72,CV-VQE,1029.4,"{'1': [0, 1, 2, 3, 4, 5, 0], '2': [0, 0], '3': [0, 0], '4': [0, 0]}",185.75903129577637,0.044414221876821446,1.0,126
VRP_N5_Vehicles5_Layers=5_MaxIter=125_20260724_194858,VRP,20260724_194858,42,5,5,5,125,1.0,100.0,54.81999999999999,"{'1': [0, 3, 0], '2': [0, 5, 0], '3': [0, 2, 0], '4': [0, 1, 0], '5': [0, 4, 0]}",0.0007739067077636719,54.81999999999999,CV-VQE,1029.4,"{'1': [0, 1, 2, 3, 4, 5, 0], '2': [0, 0], '3': [0, 0], '4': [0, 0], '5': [0, 0]}",185.16985654830933,0.05325432290654749,1.0,126
VRP_N5_Vehicles6_Layers=5_MaxIter=125_20260724_195204,VRP,20260724_195204,42,5,6,5,125,1.0,100.0,inf,{},8.821487426757812e-05,inf,CV-VQE,1029.4,"{'1': [0, 1, 2, 3, 4, 5, 0], '2': [0, 0], '3': [0, 0], '4': [0, 0], '5': [0, 0], '6': [0, 0]}",185.27045106887817,inf,1.0,126
VRP_N5_Vehicles2_Layers=1_MaxIter=150_20260724_195554,VRP,20260724_195554,42,5,2,1,150,1.0,100.0,31.21,"{'1': [0, 1, 3, 2, 5, 0], '2': [0, 4, 0]}",0.0016083717346191406,31.21,CV-VQE,1029.4,"{'1': [0, 1, 2, 3, 4, 5, 0], '2': [0, 0]}",221.20830249786377,0.030318632212939574,1.0,151
VRP_N5_Vehicles3_Layers=1_MaxIter=150_20260724_195937,VRP,20260724_195937,42,5,3,1,150,1.0,100.0,36.8,"{'1': [0, 1, 2, 3, 0], '2': [0, 4, 0], '3': [0, 5, 0]}",0.002834796905517578,36.8,CV-VQE,1029.4,"{'1': [0, 1, 2, 3, 4, 5, 0], '2': [0, 0], '3': [0, 0]}",222.34003829956055,0.03574897998834272,1.0,151
VRP_N5_Vehicles4_Layers=1_MaxIter=150_20260724_200321,VRP,20260724_200321,42,5,4,1,150,1.0,100.0,45.72,"{'1': [0, 1, 0], '2': [0, 2, 3, 0], '3': [0, 4, 0], '4': [0, 5, 0]}",0.0022614002227783203,45.72,CV-VQE,1029.4,"{'1': [0, 1, 2, 3, 4, 5, 0], '2': [0, 0], '3': [0, 0], '4': [0, 0]}",222.31604981422424,0.044414221876821446,1.0,151
VRP_N5_Vehicles5_Layers=1_MaxIter=150_20260724_200705,VRP,20260724_200705,42,5,5,1,150,1.0,100.0,54.81999999999999,"{'1': [0, 3, 0], '2': [0, 5, 0], '3': [0, 2, 0], '4': [0, 1, 0], '5': [0, 4, 0]}",0.0008008480072021484,54.81999999999999,CV-VQE,1029.4,"{'1': [0, 1, 2, 3, 4, 5, 0], '2': [0, 0], '3': [0, 0], '4': [0, 0], '5': [0, 0]}",223.80868792533875,0.05325432290654749,1.0,151
VRP_N5_Vehicles6_Layers=1_MaxIter=150_20260724_201048,VRP,20260724_201048,42,5,6,1,150,1.0,100.0,inf,{},0.0001289844512939453,inf,CV-VQE,1029.4,"{'1': [0, 1, 2, 3, 4, 5, 0], '2': [0, 0], '3': [0, 0], '4': [0, 0], '5': [0, 0], '6': [0, 0]}",222.0187258720398,inf,1.0,151
VRP_N5_Vehicles2_Layers=2_MaxIter=150_20260724_201444,VRP,20260724_201444,42,5,2,2,150,1.0,100.0,31.21,"{'1': [0, 1, 3, 2, 5, 0], '2': [0, 4, 0]}",0.0016257762908935547,31.21,CV-VQE,1029.4,"{'1': [0, 1, 2, 3, 4, 5, 0], '2': [0, 0]}",223.61147928237915,0.030318632212939574,1.0,151
VRP_N5_Vehicles3_Layers=2_MaxIter=150_20260724_201827,VRP,20260724_201827,42,5,3,2,150,1.0,100.0,36.8,"{'1': [0, 1, 2, 3, 0], '2': [0, 4, 0], '3': [0, 5, 0]}",0.002802610397338867,36.8,CV-VQE,1029.4,"{'1': [0, 1, 2, 3, 4, 5, 0], '2': [0, 0], '3': [0, 0]}",222.47115540504456,0.03574897998834272,1.0,151
VRP_N5_Vehicles4_Layers=2_MaxIter=150_20260724_202211,VRP,20260724_202211,42,5,4,2,150,1.0,100.0,45.72,"{'1': [0, 1, 0], '2': [0, 2, 3, 0], '3': [0, 4, 0], '4': [0, 5, 0]}",0.002242565155029297,45.72,CV-VQE,1029.4,"{'1': [0, 1, 2, 3, 4, 5, 0], '2': [0, 0], '3': [0, 0], '4': [0, 0]}",222.34199452400208,0.044414221876821446,1.0,151
VRP_N5_Vehicles5_Layers=2_MaxIter=150_20260724_202554,VRP,20260724_202554,42,5,5,2,150,1.0,100.0,54.81999999999999,"{'1': [0, 3, 0], '2': [0, 5, 0], '3': [0, 2, 0], '4': [0, 1, 0], '5': [0, 4, 0]}",0.0007832050323486328,54.81999999999999,CV-VQE,1029.4,"{'1': [0, 1, 2, 3, 4, 5, 0], '2': [0, 0], '3': [0, 0], '4': [0, 0], '5': [0, 0]}",222.049809217453,0.05325432290654749,1.0,151
VRP_N5_Vehicles6_Layers=2_MaxIter=150_20260724_202939,VRP,20260724_202939,42,5,6,2,150,1.0,100.0,inf,{},8.988380432128906e-05,inf,CV-VQE,1029.4,"{'1': [0, 1, 2, 3, 4, 5, 0], '2': [0, 0], '3': [0, 0], '4': [0, 0], '5': [0, 0], '6': [0, 0]}",224.2098786830902,inf,1.0,151
VRP_N5_Vehicles2_Layers=3_MaxIter=150_20260724_203337,VRP,20260724_203337,42,5,2,3,150,1.0,100.0,31.21,"{'1': [0, 1, 3, 2, 5, 0], '2': [0, 4, 0]}",0.0016644001007080078,31.21,CV-VQE,1029.4,"{'1': [0, 1, 2, 3, 4, 5, 0], '2': [0, 0]}",221.9467008113861,0.030318632212939574,1.0,151
VRP_N5_Vehicles3_Layers=3_MaxIter=150_20260724_203720,VRP,20260724_203720,42,5,3,3,150,1.0,100.0,36.8,"{'1': [0, 1, 2, 3, 0], '2': [0, 4, 0], '3': [0, 5, 0]}",0.002833127975463867,36.8,CV-VQE,1029.4,"{'1': [0, 1, 2, 3, 4, 5, 0], '2': [0, 0], '3': [0, 0]}",221.72779273986816,0.03574897998834272,1.0,151
VRP_N5_Vehicles4_Layers=3_MaxIter=150_20260724_204102,VRP,20260724_204102,42,5,4,3,150,1.0,100.0,45.72,"{'1': [0, 1, 0], '2': [0, 2, 3, 0], '3': [0, 4, 0], '4': [0, 5, 0]}",0.0022382736206054688,45.72,CV-VQE,1029.4,"{'1': [0, 1, 2, 3, 4, 5, 0], '2': [0, 0], '3': [0, 0], '4': [0, 0]}",221.6099808216095,0.044414221876821446,1.0,151
VRP_N5_Vehicles5_Layers=3_MaxIter=150_20260724_204446,VRP,20260724_204446,42,5,5,3,150,1.0,100.0,54.81999999999999,"{'1': [0, 3, 0], '2': [0, 5, 0], '3': [0, 2, 0], '4': [0, 1, 0], '5': [0, 4, 0]}",0.00081634521484375,54.81999999999999,CV-VQE,1029.4,"{'1': [0, 1, 2, 3, 4, 5, 0], '2': [0, 0], '3': [0, 0], '4': [0, 0], '5': [0, 0]}",222.68786931037903,0.05325432290654749,1.0,151
VRP_N5_Vehicles6_Layers=3_MaxIter=150_20260724_204829,VRP,20260724_204829,42,5,6,3,150,1.0,100.0,inf,{},9.655952453613281e-05,inf,CV-VQE,1029.4,"{'1': [0, 1, 2, 3, 4, 5, 0], '2': [0, 0], '3': [0, 0], '4': [0, 0], '5': [0, 0], '6': [0, 0]}",221.94257640838623,inf,1.0,151
VRP_N5_Vehicles2_Layers=4_MaxIter=150_20260724_205231,VRP,20260724_205231,42,5,2,4,150,1.0,100.0,31.21,"{'1': [0, 1, 3, 2, 5, 0], '2': [0, 4, 0]}",0.0015714168548583984,31.21,CV-VQE,1029.4,"{'1': [0, 1, 2, 3, 4, 5, 0], '2': [0, 0]}",221.47530674934387,0.030318632212939574,1.0,151
VRP_N5_Vehicles3_Layers=4_MaxIter=150_20260724_205611,VRP,20260724_205611,42,5,3,4,150,1.0,100.0,36.8,"{'1': [0, 1, 2, 3, 0], '2': [0, 4, 0], '3': [0, 5, 0]}",0.0028481483459472656,36.8,CV-VQE,1029.4,"{'1': [0, 1, 2, 3, 4, 5, 0], '2': [0, 0], '3': [0, 0]}",219.733793258667,0.03574897998834272,1.0,151
VRP_N5_Vehicles4_Layers=4_MaxIter=150_20260724_205953,VRP,20260724_205953,42,5,4,4,150,1.0,100.0,45.72,"{'1': [0, 1, 0], '2': [0, 2, 3, 0], '3': [0, 4, 0], '4': [0, 5, 0]}",0.0023250579833984375,45.72,CV-VQE,1029.4,"{'1': [0, 1, 2, 3, 4, 5, 0], '2': [0, 0], '3': [0, 0], '4': [0, 0]}",220.18089389801025,0.044414221876821446,1.0,151
VRP_N5_Vehicles5_Layers=4_MaxIter=150_20260724_210334,VRP,20260724_210334,42,5,5,4,150,1.0,100.0,54.81999999999999,"{'1': [0, 3, 0], '2': [0, 5, 0], '3': [0, 2, 0], '4': [0, 1, 0], '5': [0, 4, 0]}",0.0007393360137939453,54.81999999999999,CV-VQE,1029.4,"{'1': [0, 1, 2, 3, 4, 5, 0], '2': [0, 0], '3': [0, 0], '4': [0, 0], '5': [0, 0]}",220.71366024017334,0.05325432290654749,1.0,151
VRP_N5_Vehicles6_Layers=4_MaxIter=150_20260724_210716,VRP,20260724_210716,42,5,6,4,150,1.0,100.0,inf,{},0.00010251998901367188,inf,CV-VQE,1029.4,"{'1': [0, 1, 2, 3, 4, 5, 0], '2': [0, 0], '3': [0, 0], '4': [0, 0], '5': [0, 0], '6': [0, 0]}",220.70596885681152,inf,1.0,151
VRP_N5_Vehicles2_Layers=5_MaxIter=150_20260724_211121,VRP,20260724_211121,42,5,2,5,150,1.0,100.0,31.21,"{'1': [0, 1, 3, 2, 5, 0], '2': [0, 4, 0]}",0.0016086101531982422,31.21,CV-VQE,1029.4,"{'1': [0, 1, 2, 3, 4, 5, 0], '2': [0, 0]}",221.3983223438263,0.030318632212939574,1.0,151
VRP_N5_Vehicles3_Layers=5_MaxIter=150_20260724_211505,VRP,20260724_211505,42,5,3,5,150,1.0,100.0,36.8,"{'1': [0, 1, 2, 3, 0], '2': [0, 4, 0], '3': [0, 5, 0]}",0.002906322479248047,36.8,CV-VQE,1029.4,"{'1': [0, 1, 2, 3, 4, 5, 0], '2': [0, 0], '3': [0, 0]}",222.50182938575745,0.03574897998834272,1.0,151
VRP_N5_Vehicles4_Layers=5_MaxIter=150_20260724_211848,VRP,20260724_211848,42,5,4,5,150,1.0,100.0,45.72,"{'1': [0, 1, 0], '2': [0, 2, 3, 0], '3': [0, 4, 0], '4': [0, 5, 0]}",0.002366304397583008,45.72,CV-VQE,1029.4,"{'1': [0, 1, 2, 3, 4, 5, 0], '2': [0, 0], '3': [0, 0], '4': [0, 0]}",222.142436504364,0.044414221876821446,1.0,151
VRP_N5_Vehicles5_Layers=5_MaxIter=150_20260724_212231,VRP,20260724_212231,42,5,5,5,150,1.0,100.0,54.81999999999999,"{'1': [0, 3, 0], '2': [0, 5, 0], '3': [0, 2, 0], '4': [0, 1, 0], '5': [0, 4, 0]}",0.0007908344268798828,54.81999999999999,CV-VQE,1029.4,"{'1': [0, 1, 2, 3, 4, 5, 0], '2': [0, 0], '3': [0, 0], '4': [0, 0], '5': [0, 0]}",222.2586212158203,0.05325432290654749,1.0,151
VRP_N5_Vehicles6_Layers=5_MaxIter=150_20260724_212615,VRP,20260724_212615,42,5,6,5,150,1.0,100.0,inf,{},8.702278137207031e-05,inf,CV-VQE,1029.4,"{'1': [0, 1, 2, 3, 4, 5, 0], '2': [0, 0], '3': [0, 0], '4': [0, 0], '5': [0, 0], '6': [0, 0]}",222.4872009754181,inf,1.0,151
VRP_N5_Vehicles2_Layers=1_MaxIter=175_20260724_213044,VRP,20260724_213044,42,5,2,1,175,1.0,100.0,31.21,"{'1': [0, 1, 3, 2, 5, 0], '2': [0, 4, 0]}",0.0015950202941894531,31.21,CV-VQE,1029.4,"{'1': [0, 1, 2, 3, 4, 5, 0], '2': [0, 0]}",261.0277736186981,0.030318632212939574,1.0,176
VRP_N5_Vehicles3_Layers=1_MaxIter=175_20260724_213505,VRP,20260724_213505,42,5,3,1,175,1.0,100.0,36.8,"{'1': [0, 1, 2, 3, 0], '2': [0, 4, 0], '3': [0, 5, 0]}",0.0027954578399658203,36.8,CV-VQE,1029.4,"{'1': [0, 1, 2, 3, 4, 5, 0], '2': [0, 0], '3': [0, 0]}",259.4231731891632,0.03574897998834272,1.0,176
VRP_N5_Vehicles4_Layers=1_MaxIter=175_20260724_213925,VRP,20260724_213925,42,5,4,1,175,1.0,100.0,45.72,"{'1': [0, 1, 0], '2': [0, 2, 3, 0], '3': [0, 4, 0], '4': [0, 5, 0]}",0.0022554397583007812,45.72,CV-VQE,1029.4,"{'1': [0, 1, 2, 3, 4, 5, 0], '2': [0, 0], '3': [0, 0], '4': [0, 0]}",259.47645378112793,0.044414221876821446,1.0,176
VRP_N5_Vehicles5_Layers=1_MaxIter=175_20260724_214350,VRP,20260724_214350,42,5,5,1,175,1.0,100.0,54.81999999999999,"{'1': [0, 3, 0], '2': [0, 5, 0], '3': [0, 2, 0], '4': [0, 1, 0], '5': [0, 4, 0]}",0.0007510185241699219,54.81999999999999,CV-VQE,1029.4,"{'1': [0, 1, 2, 3, 4, 5, 0], '2': [0, 0], '3': [0, 0], '4': [0, 0], '5': [0, 0]}",263.6189453601837,0.05325432290654749,1.0,176
VRP_N5_Vehicles6_Layers=1_MaxIter=175_20260724_214816,VRP,20260724_214816,42,5,6,1,175,1.0,100.0,inf,{},0.00010132789611816406,inf,CV-VQE,1029.4,"{'1': [0, 1, 2, 3, 4, 5, 0], '2': [0, 0], '3': [0, 0], '4': [0, 0], '5': [0, 0], '6': [0, 0]}",264.82215332984924,inf,1.0,176
VRP_N5_Vehicles2_Layers=2_MaxIter=175_20260724_215253,VRP,20260724_215253,42,5,2,2,175,1.0,100.0,31.21,"{'1': [0, 1, 3, 2, 5, 0], '2': [0, 4, 0]}",0.0015897750854492188,31.21,CV-VQE,1029.4,"{'1': [0, 1, 2, 3, 4, 5, 0], '2': [0, 0]}",263.936829328537,0.030318632212939574,1.0,176
VRP_N5_Vehicles3_Layers=2_MaxIter=175_20260724_215719,VRP,20260724_215719,42,5,3,2,175,1.0,100.0,36.8,"{'1': [0, 1, 2, 3, 0], '2': [0, 4, 0], '3': [0, 5, 0]}",0.002810955047607422,36.8,CV-VQE,1029.4,"{'1': [0, 1, 2, 3, 4, 5, 0], '2': [0, 0], '3': [0, 0]}",264.4522957801819,0.03574897998834272,1.0,176
VRP_N5_Vehicles4_Layers=2_MaxIter=175_20260724_220144,VRP,20260724_220144,42,5,4,2,175,1.0,100.0,45.72,"{'1': [0, 1, 0], '2': [0, 2, 3, 0], '3': [0, 4, 0], '4': [0, 5, 0]}",0.002257108688354492,45.72,CV-VQE,1029.4,"{'1': [0, 1, 2, 3, 4, 5, 0], '2': [0, 0], '3': [0, 0], '4': [0, 0]}",264.52180790901184,0.044414221876821446,1.0,176
VRP_N5_Vehicles5_Layers=2_MaxIter=175_20260724_220610,VRP,20260724_220610,42,5,5,2,175,1.0,100.0,54.81999999999999,"{'1': [0, 3, 0], '2': [0, 5, 0], '3': [0, 2, 0], '4': [0, 1, 0], '5': [0, 4, 0]}",0.0007658004760742188,54.81999999999999,CV-VQE,1029.4,"{'1': [0, 1, 2, 3, 4, 5, 0], '2': [0, 0], '3': [0, 0], '4': [0, 0], '5': [0, 0]}",264.6105902194977,0.05325432290654749,1.0,176
VRP_N5_Vehicles6_Layers=2_MaxIter=175_20260724_221035,VRP,20260724_221035,42,5,6,2,175,1.0,100.0,inf,{},9.799003601074219e-05,inf,CV-VQE,1029.4,"{'1': [0, 1, 2, 3, 4, 5, 0], '2': [0, 0], '3': [0, 0], '4': [0, 0], '5': [0, 0], '6': [0, 0]}",264.70150685310364,inf,1.0,176
VRP_N5_Vehicles2_Layers=3_MaxIter=175_20260724_221518,VRP,20260724_221518,42,5,2,3,175,1.0,100.0,31.21,"{'1': [0, 1, 3, 2, 5, 0], '2': [0, 4, 0]}",0.0016562938690185547,31.21,CV-VQE,1029.4,"{'1': [0, 1, 2, 3, 4, 5, 0], '2': [0, 0]}",264.7743966579437,0.030318632212939574,1.0,176
VRP_N5_Vehicles3_Layers=3_MaxIter=175_20260724_221945,VRP,20260724_221945,42,5,3,3,175,1.0,100.0,36.8,"{'1': [0, 1, 2, 3, 0], '2': [0, 4, 0], '3': [0, 5, 0]}",0.002840280532836914,36.8,CV-VQE,1029.4,"{'1': [0, 1, 2, 3, 4, 5, 0], '2': [0, 0], '3': [0, 0]}",265.9690420627594,0.03574897998834272,1.0,176
VRP_N5_Vehicles4_Layers=3_MaxIter=175_20260724_222412,VRP,20260724_222412,42,5,4,3,175,1.0,100.0,45.72,"{'1': [0, 1, 0], '2': [0, 2, 3, 0], '3': [0, 4, 0], '4': [0, 5, 0]}",0.0023229122161865234,45.72,CV-VQE,1029.4,"{'1': [0, 1, 2, 3, 4, 5, 0], '2': [0, 0], '3': [0, 0], '4': [0, 0]}",265.74293184280396,0.044414221876821446,1.0,176
VRP_N5_Vehicles5_Layers=3_MaxIter=175_20260724_222839,VRP,20260724_222839,42,5,5,3,175,1.0,100.0,54.81999999999999,"{'1': [0, 3, 0], '2': [0, 5, 0], '3': [0, 2, 0], '4': [0, 1, 0], '5': [0, 4, 0]}",0.0007650852203369141,54.81999999999999,CV-VQE,1029.4,"{'1': [0, 1, 2, 3, 4, 5, 0], '2': [0, 0], '3': [0, 0], '4': [0, 0], '5': [0, 0]}",266.0387499332428,0.05325432290654749,1.0,176
VRP_N5_Vehicles6_Layers=3_MaxIter=175_20260724_223306,VRP,20260724_223306,42,5,6,3,175,1.0,100.0,inf,{},9.775161743164062e-05,inf,CV-VQE,1029.4,"{'1': [0, 1, 2, 3, 4, 5, 0], '2': [0, 0], '3': [0, 0], '4': [0, 0], '5': [0, 0], '6': [0, 0]}",266.0336227416992,inf,1.0,176
VRP_N5_Vehicles2_Layers=4_MaxIter=175_20260724_223752,VRP,20260724_223752,42,5,2,4,175,1.0,100.0,31.21,"{'1': [0, 1, 3, 2, 5, 0], '2': [0, 4, 0]}",0.0015807151794433594,31.21,CV-VQE,1029.4,"{'1': [0, 1, 2, 3, 4, 5, 0], '2': [0, 0]}",263.2443735599518,0.030318632212939574,1.0,176
VRP_N5_Vehicles3_Layers=4_MaxIter=175_20260724_224216,VRP,20260724_224216,42,5,3,4,175,1.0,100.0,36.8,"{'1': [0, 1, 2, 3, 0], '2': [0, 4, 0], '3': [0, 5, 0]}",0.002858400344848633,36.8,CV-VQE,1029.4,"{'1': [0, 1, 2, 3, 4, 5, 0], '2': [0, 0], '3': [0, 0]}",262.67601776123047,0.03574897998834272,1.0,176
VRP_N5_Vehicles4_Layers=4_MaxIter=175_20260724_224639,VRP,20260724_224639,42,5,4,4,175,1.0,100.0,45.72,"{'1': [0, 1, 0], '2': [0, 2, 3, 0], '3': [0, 4, 0], '4': [0, 5, 0]}",0.002259492874145508,45.72,CV-VQE,1029.4,"{'1': [0, 1, 2, 3, 4, 5, 0], '2': [0, 0], '3': [0, 0], '4': [0, 0]}",262.40633726119995,0.044414221876821446,1.0,176
VRP_N5_Vehicles5_Layers=4_MaxIter=175_20260724_225102,VRP,20260724_225102,42,5,5,4,175,1.0,100.0,54.81999999999999,"{'1': [0, 3, 0], '2': [0, 5, 0], '3': [0, 2, 0], '4': [0, 1, 0], '5': [0, 4, 0]}",0.0007615089416503906,54.81999999999999,CV-VQE,1029.4,"{'1': [0, 1, 2, 3, 4, 5, 0], '2': [0, 0], '3': [0, 0], '4': [0, 0], '5': [0, 0]}",262.1613266468048,0.05325432290654749,1.0,176
VRP_N5_Vehicles6_Layers=4_MaxIter=175_20260724_225526,VRP,20260724_225526,42,5,6,4,175,1.0,100.0,inf,{},0.00010061264038085938,inf,CV-VQE,1029.4,"{'1': [0, 1, 2, 3, 4, 5, 0], '2': [0, 0], '3': [0, 0], '4': [0, 0], '5': [0, 0], '6': [0, 0]}",262.6824207305908,inf,1.0,176
VRP_N5_Vehicles2_Layers=5_MaxIter=175_20260724_230017,VRP,20260724_230017,42,5,2,5,175,1.0,100.0,31.21,"{'1': [0, 1, 3, 2, 5, 0], '2': [0, 4, 0]}",0.0016455650329589844,31.21,CV-VQE,1029.4,"{'1': [0, 1, 2, 3, 4, 5, 0], '2': [0, 0]}",263.3821256160736,0.030318632212939574,1.0,176
VRP_N5_Vehicles3_Layers=5_MaxIter=175_20260724_230443,VRP,20260724_230443,42,5,3,5,175,1.0,100.0,36.8,"{'1': [0, 1, 2, 3, 0], '2': [0, 4, 0], '3': [0, 5, 0]}",0.002815723419189453,36.8,CV-VQE,1029.4,"{'1': [0, 1, 2, 3, 4, 5, 0], '2': [0, 0], '3': [0, 0]}",264.6589980125427,0.03574897998834272,1.0,176
VRP_N5_Vehicles4_Layers=5_MaxIter=175_20260724_230908,VRP,20260724_230908,42,5,4,5,175,1.0,100.0,45.72,"{'1': [0, 1, 0], '2': [0, 2, 3, 0], '3': [0, 4, 0], '4': [0, 5, 0]}",0.002323150634765625,45.72,CV-VQE,1029.4,"{'1': [0, 1, 2, 3, 4, 5, 0], '2': [0, 0], '3': [0, 0], '4': [0, 0]}",264.71734738349915,0.044414221876821446,1.0,176
VRP_N5_Vehicles5_Layers=5_MaxIter=175_20260724_231334,VRP,20260724_231334,42,5,5,5,175,1.0,100.0,54.81999999999999,"{'1': [0, 3, 0], '2': [0, 5, 0], '3': [0, 2, 0], '4': [0, 1, 0], '5': [0, 4, 0]}",0.0007724761962890625,54.81999999999999,CV-VQE,1029.4,"{'1': [0, 1, 2, 3, 4, 5, 0], '2': [0, 0], '3': [0, 0], '4': [0, 0], '5': [0, 0]}",264.7468695640564,0.05325432290654749,1.0,176
VRP_N5_Vehicles6_Layers=5_MaxIter=175_20260724_231800,VRP,20260724_231800,42,5,6,5,175,1.0,100.0,inf,{},0.00012540817260742188,inf,CV-VQE,1029.4,"{'1': [0, 1, 2, 3, 4, 5, 0], '2': [0, 0], '3': [0, 0], '4': [0, 0], '5': [0, 0], '6': [0, 0]}",264.64166498184204,inf,1.0,176
VRP_N5_Vehicles2_Layers=1_MaxIter=200_20260724_232311,VRP,20260724_232311,42,5,2,1,200,1.0,100.0,31.21,"{'1': [0, 1, 3, 2, 5, 0], '2': [0, 4, 0]}",0.0016241073608398438,31.21,CV-VQE,1029.4,"{'1': [0, 1, 2, 3, 4, 5, 0], '2': [0, 0]}",302.18281531333923,0.030318632212939574,1.0,201
VRP_N5_Vehicles3_Layers=1_MaxIter=200_20260724_232814,VRP,20260724_232814,42,5,3,1,200,1.0,100.0,36.8,"{'1': [0, 1, 2, 3, 0], '2': [0, 4, 0], '3': [0, 5, 0]}",0.002840757369995117,36.8,CV-VQE,1029.4,"{'1': [0, 1, 2, 3, 4, 5, 0], '2': [0, 0], '3': [0, 0]}",301.464483499527,0.03574897998834272,1.0,201
VRP_N5_Vehicles4_Layers=1_MaxIter=200_20260724_233316,VRP,20260724_233316,42,5,4,1,200,1.0,100.0,45.72,"{'1': [0, 1, 0], '2': [0, 2, 3, 0], '3': [0, 4, 0], '4': [0, 5, 0]}",0.0024843215942382812,45.72,CV-VQE,1029.4,"{'1': [0, 1, 2, 3, 4, 5, 0], '2': [0, 0], '3': [0, 0], '4': [0, 0]}",301.47562193870544,0.044414221876821446,1.0,201
VRP_N5_Vehicles5_Layers=1_MaxIter=200_20260724_233810,VRP,20260724_233810,42,5,5,1,200,1.0,100.0,54.81999999999999,"{'1': [0, 3, 0], '2': [0, 5, 0], '3': [0, 2, 0], '4': [0, 1, 0], '5': [0, 4, 0]}",0.0007598400115966797,54.81999999999999,CV-VQE,1029.4,"{'1': [0, 1, 2, 3, 4, 5, 0], '2': [0, 0], '3': [0, 0], '4': [0, 0], '5': [0, 0]}",293.36138439178467,0.05325432290654749,1.0,201
VRP_N5_Vehicles6_Layers=1_MaxIter=200_20260724_234304,VRP,20260724_234304,42,5,6,1,200,1.0,100.0,inf,{},8.845329284667969e-05,inf,CV-VQE,1029.4,"{'1': [0, 1, 2, 3, 4, 5, 0], '2': [0, 0], '3': [0, 0], '4': [0, 0], '5': [0, 0], '6': [0, 0]}",292.2306387424469,inf,1.0,201
VRP_N5_Vehicles2_Layers=2_MaxIter=200_20260724_234809,VRP,20260724_234809,42,5,2,2,200,1.0,100.0,31.21,"{'1': [0, 1, 3, 2, 5, 0], '2': [0, 4, 0]}",0.0016527175903320312,31.21,CV-VQE,1029.4,"{'1': [0, 1, 2, 3, 4, 5, 0], '2': [0, 0]}",290.6705813407898,0.030318632212939574,1.0,201
VRP_N5_Vehicles3_Layers=2_MaxIter=200_20260724_235303,VRP,20260724_235303,42,5,3,2,200,1.0,100.0,36.8,"{'1': [0, 1, 2, 3, 0], '2': [0, 4, 0], '3': [0, 5, 0]}",0.0027637481689453125,36.8,CV-VQE,1029.4,"{'1': [0, 1, 2, 3, 4, 5, 0], '2': [0, 0], '3': [0, 0]}",292.18868708610535,0.03574897998834272,1.0,201
VRP_N5_Vehicles4_Layers=2_MaxIter=200_20260724_235756,VRP,20260724_235756,42,5,4,2,200,1.0,100.0,45.72,"{'1': [0, 1, 0], '2': [0, 2, 3, 0], '3': [0, 4, 0], '4': [0, 5, 0]}",0.0023081302642822266,45.72,CV-VQE,1029.4,"{'1': [0, 1, 2, 3, 4, 5, 0], '2': [0, 0], '3': [0, 0], '4': [0, 0]}",292.80525827407837,0.044414221876821446,1.0,201
VRP_N5_Vehicles5_Layers=2_MaxIter=200_20260725_000252,VRP,20260725_000252,42,5,5,2,200,1.0,100.0,54.81999999999999,"{'1': [0, 3, 0], '2': [0, 5, 0], '3': [0, 2, 0], '4': [0, 1, 0], '5': [0, 4, 0]}",0.0007545948028564453,54.81999999999999,CV-VQE,1029.4,"{'1': [0, 1, 2, 3, 4, 5, 0], '2': [0, 0], '3': [0, 0], '4': [0, 0], '5': [0, 0]}",294.9779179096222,0.05325432290654749,1.0,201
VRP_N5_Vehicles6_Layers=2_MaxIter=200_20260725_000747,VRP,20260725_000747,42,5,6,2,200,1.0,100.0,inf,{},8.869171142578125e-05,inf,CV-VQE,1029.4,"{'1': [0, 1, 2, 3, 4, 5, 0], '2': [0, 0], '3': [0, 0], '4': [0, 0], '5': [0, 0], '6': [0, 0]}",293.8735613822937,inf,1.0,201
VRP_N5_Vehicles2_Layers=3_MaxIter=200_20260725_001302,VRP,20260725_001302,42,5,2,3,200,1.0,100.0,31.21,"{'1': [0, 1, 3, 2, 5, 0], '2': [0, 4, 0]}",0.001598358154296875,31.21,CV-VQE,1029.4,"{'1': [0, 1, 2, 3, 4, 5, 0], '2': [0, 0]}",294.61774253845215,0.030318632212939574,1.0,201
VRP_N5_Vehicles3_Layers=3_MaxIter=200_20260725_001803,VRP,20260725_001803,42,5,3,3,200,1.0,100.0,36.8,"{'1': [0, 1, 2, 3, 0], '2': [0, 4, 0], '3': [0, 5, 0]}",0.002796173095703125,36.8,CV-VQE,1029.4,"{'1': [0, 1, 2, 3, 4, 5, 0], '2': [0, 0], '3': [0, 0]}",299.26987767219543,0.03574897998834272,1.0,201
VRP_N5_Vehicles4_Layers=3_MaxIter=200_20260725_002300,VRP,20260725_002300,42,5,4,3,200,1.0,100.0,45.72,"{'1': [0, 1, 0], '2': [0, 2, 3, 0], '3': [0, 4, 0], '4': [0, 5, 0]}",0.002333402633666992,45.72,CV-VQE,1029.4,"{'1': [0, 1, 2, 3, 4, 5, 0], '2': [0, 0], '3': [0, 0], '4': [0, 0]}",296.1312983036041,0.044414221876821446,1.0,201
VRP_N5_Vehicles5_Layers=3_MaxIter=200_20260725_002758,VRP,20260725_002758,42,5,5,3,200,1.0,100.0,54.81999999999999,"{'1': [0, 3, 0], '2': [0, 5, 0], '3': [0, 2, 0], '4': [0, 1, 0], '5': [0, 4, 0]}",0.0007584095001220703,54.81999999999999,CV-VQE,1029.4,"{'1': [0, 1, 2, 3, 4, 5, 0], '2': [0, 0], '3': [0, 0], '4': [0, 0], '5': [0, 0]}",297.3058662414551,0.05325432290654749,1.0,201
VRP_N5_Vehicles6_Layers=3_MaxIter=200_20260725_003259,VRP,20260725_003259,42,5,6,3,200,1.0,100.0,inf,{},0.0001227855682373047,inf,CV-VQE,1029.4,"{'1': [0, 1, 2, 3, 4, 5, 0], '2': [0, 0], '3': [0, 0], '4': [0, 0], '5': [0, 0], '6': [0, 0]}",299.7160556316376,inf,1.0,201
VRP_N5_Vehicles2_Layers=4_MaxIter=200_20260725_003820,VRP,20260725_003820,42,5,2,4,200,1.0,100.0,31.21,"{'1': [0, 1, 3, 2, 5, 0], '2': [0, 4, 0]}",0.0015892982482910156,31.21,CV-VQE,1029.4,"{'1': [0, 1, 2, 3, 4, 5, 0], '2': [0, 0]}",295.3207883834839,0.030318632212939574,1.0,201
VRP_N5_Vehicles3_Layers=4_MaxIter=200_20260725_004318,VRP,20260725_004318,42,5,3,4,200,1.0,100.0,36.8,"{'1': [0, 1, 2, 3, 0], '2': [0, 4, 0], '3': [0, 5, 0]}",0.0028374195098876953,36.8,CV-VQE,1029.4,"{'1': [0, 1, 2, 3, 4, 5, 0], '2': [0, 0], '3': [0, 0]}",297.0165557861328,0.03574897998834272,1.0,201
VRP_N5_Vehicles4_Layers=4_MaxIter=200_20260725_004811,VRP,20260725_004811,42,5,4,4,200,1.0,100.0,45.72,"{'1': [0, 1, 0], '2': [0, 2, 3, 0], '3': [0, 4, 0], '4': [0, 5, 0]}",0.0022242069244384766,45.72,CV-VQE,1029.4,"{'1': [0, 1, 2, 3, 4, 5, 0], '2': [0, 0], '3': [0, 0], '4': [0, 0]}",292.0476038455963,0.044414221876821446,1.0,201
VRP_N5_Vehicles5_Layers=4_MaxIter=200_20260725_005310,VRP,20260725_005310,42,5,5,4,200,1.0,100.0,54.81999999999999,"{'1': [0, 3, 0], '2': [0, 5, 0], '3': [0, 2, 0], '4': [0, 1, 0], '5': [0, 4, 0]}",0.0007696151733398438,54.81999999999999,CV-VQE,1029.4,"{'1': [0, 1, 2, 3, 4, 5, 0], '2': [0, 0], '3': [0, 0], '4': [0, 0], '5': [0, 0]}",297.940438747406,0.05325432290654749,1.0,201
VRP_N5_Vehicles6_Layers=4_MaxIter=200_20260725_005812,VRP,20260725_005812,42,5,6,4,200,1.0,100.0,inf,{},0.00011563301086425781,inf,CV-VQE,1029.4,"{'1': [0, 1, 2, 3, 4, 5, 0], '2': [0, 0], '3': [0, 0], '4': [0, 0], '5': [0, 0], '6': [0, 0]}",300.91982865333557,inf,1.0,201
VRP_N5_Vehicles2_Layers=5_MaxIter=200_20260725_010340,VRP,20260725_010340,42,5,2,5,200,1.0,100.0,31.21,"{'1': [0, 1, 3, 2, 5, 0], '2': [0, 4, 0]}",0.0017271041870117188,31.21,CV-VQE,1029.4,"{'1': [0, 1, 2, 3, 4, 5, 0], '2': [0, 0]}",295.3084886074066,0.030318632212939574,1.0,201
VRP_N5_Vehicles3_Layers=5_MaxIter=200_20260725_010844,VRP,20260725_010844,42,5,3,5,200,1.0,100.0,36.8,"{'1': [0, 1, 2, 3, 0], '2': [0, 4, 0], '3': [0, 5, 0]}",0.0028409957885742188,36.8,CV-VQE,1029.4,"{'1': [0, 1, 2, 3, 4, 5, 0], '2': [0, 0], '3': [0, 0]}",302.9235260486603,0.03574897998834272,1.0,201
VRP_N5_Vehicles4_Layers=5_MaxIter=200_20260725_011339,VRP,20260725_011339,42,5,4,5,200,1.0,100.0,45.72,"{'1': [0, 1, 0], '2': [0, 2, 3, 0], '3': [0, 4, 0], '4': [0, 5, 0]}",0.002305746078491211,45.72,CV-VQE,1029.4,"{'1': [0, 1, 2, 3, 4, 5, 0], '2': [0, 0], '3': [0, 0], '4': [0, 0]}",294.50468349456787,0.044414221876821446,1.0,201
VRP_N5_Vehicles5_Layers=5_MaxIter=200_20260725_011835,VRP,20260725_011835,42,5,5,5,200,1.0,100.0,54.81999999999999,"{'1': [0, 3, 0], '2': [0, 5, 0], '3': [0, 2, 0], '4': [0, 1, 0], '5': [0, 4, 0]}",0.0007848739624023438,54.81999999999999,CV-VQE,1029.4,"{'1': [0, 1, 2, 3, 4, 5, 0], '2': [0, 0], '3': [0, 0], '4': [0, 0], '5': [0, 0]}",294.4091317653656,0.05325432290654749,1.0,201
VRP_N5_Vehicles6_Layers=5_MaxIter=200_20260725_012331,VRP,20260725_012331,42,5,6,5,200,1.0,100.0,inf,{},0.00016760826110839844,inf,CV-VQE,1029.4,"{'1': [0, 1, 2, 3, 4, 5, 0], '2': [0, 0], '3': [0, 0], '4': [0, 0], '5': [0, 0], '6': [0, 0]}",295.4824755191803,inf,1.0,201
VRP_N6_Vehicles2_Layers=1_MaxIter=25_20260725_014823,VRP,20260725_014823,42,6,2,1,25,1.0,100.0,28.02,"{'1': [0, 4, 3, 1, 2, 5, 0], '2': [0, 6, 0]}",0.01165914535522461,28.02,CV-VQE,1538.74,"{'1': [0, 1, 2, 3, 4, 5, 6, 0], '2': [0, 0]}",1089.525202035904,0.018209704043568115,1.0,26
VRP_N6_Vehicles3_Layers=1_MaxIter=25_20260725_020630,VRP,20260725_020630,42,6,3,1,25,1.0,100.0,31.409999999999997,"{'1': [0, 3, 1, 2, 5, 0], '2': [0, 6, 0], '3': [0, 4, 0]}",0.029069900512695312,31.409999999999997,CV-VQE,1538.74,"{'1': [0, 1, 2, 3, 4, 5, 6, 0], '2': [0, 0], '3': [0, 0]}",1085.9494156837463,0.02041280528224391,1.0,26
VRP_N6_Vehicles4_Layers=1_MaxIter=25_20260725_022447,VRP,20260725_022447,42,6,4,1,25,1.0,100.0,39.11,"{'1': [0, 2, 1, 3, 0], '2': [0, 4, 0], '3': [0, 5, 0], '4': [0, 6, 0]}",0.03371906280517578,39.11,CV-VQE,1538.74,"{'1': [0, 1, 2, 3, 4, 5, 6, 0], '2': [0, 0], '3': [0, 0], '4': [0, 0]}",1095.8002443313599,0.025416899541183046,1.0,26
VRP_N6_Vehicles5_Layers=1_MaxIter=25_20260725_024300,VRP,20260725_024300,42,6,5,1,25,1.0,100.0,48.38999999999999,"{'1': [0, 1, 3, 0], '2': [0, 4, 0], '3': [0, 2, 0], '4': [0, 6, 0], '5': [0, 5, 0]}",0.02017498016357422,48.38999999999999,CV-VQE,1538.74,"{'1': [0, 1, 2, 3, 4, 5, 6, 0], '2': [0, 0], '3': [0, 0], '4': [0, 0], '5': [0, 0]}",1091.5157451629639,0.03144780794676163,1.0,26
VRP_N6_Vehicles6_Layers=1_MaxIter=25_20260725_030105,VRP,20260725_030105,42,6,6,1,25,1.0,100.0,59.48,"{'1': [0, 1, 0], '2': [0, 2, 0], '3': [0, 3, 0], '4': [0, 4, 0], '5': [0, 6, 0], '6': [0, 5, 0]}",0.0052032470703125,59.48,CV-VQE,1538.74,"{'1': [0, 1, 2, 3, 4, 5, 6, 0], '2': [0, 0], '3': [0, 0], '4': [0, 0], '5': [0, 0], '6': [0, 0]}",1083.4571418762207,0.038655003444376564,1.0,26
VRP_N6_Vehicles2_Layers=2_MaxIter=25_20260725_032531,VRP,20260725_032531,42,6,2,2,25,1.0,100.0,28.02,"{'1': [0, 4, 3, 1, 2, 5, 0], '2': [0, 6, 0]}",0.011762380599975586,28.02,CV-VQE,1538.74,"{'1': [0, 1, 2, 3, 4, 5, 6, 0], '2': [0, 0]}",1080.3515329360962,0.018209704043568115,1.0,26
VRP_N6_Vehicles3_Layers=2_MaxIter=25_20260725_034332,VRP,20260725_034332,42,6,3,2,25,1.0,100.0,31.409999999999997,"{'1': [0, 3, 1, 2, 5, 0], '2': [0, 6, 0], '3': [0, 4, 0]}",0.0285031795501709,31.409999999999997,CV-VQE,1538.74,"{'1': [0, 1, 2, 3, 4, 5, 6, 0], '2': [0, 0], '3': [0, 0]}",1080.1424810886383,0.02041280528224391,1.0,26
VRP_N6_Vehicles4_Layers=2_MaxIter=25_20260725_040127,VRP,20260725_040127,42,6,4,2,25,1.0,100.0,39.11,"{'1': [0, 2, 1, 3, 0], '2': [0, 4, 0], '3': [0, 5, 0], '4': [0, 6, 0]}",0.03385639190673828,39.11,CV-VQE,1538.74,"{'1': [0, 1, 2, 3, 4, 5, 6, 0], '2': [0, 0], '3': [0, 0], '4': [0, 0]}",1073.475858449936,0.025416899541183046,1.0,26
VRP_N6_Vehicles5_Layers=2_MaxIter=25_20260725_041928,VRP,20260725_041928,42,6,5,2,25,1.0,100.0,48.38999999999999,"{'1': [0, 1, 3, 0], '2': [0, 4, 0], '3': [0, 2, 0], '4': [0, 6, 0], '5': [0, 5, 0]}",0.019411087036132812,48.38999999999999,CV-VQE,1538.74,"{'1': [0, 1, 2, 3, 4, 5, 6, 0], '2': [0, 0], '3': [0, 0], '4': [0, 0], '5': [0, 0]}",1080.5896410942078,0.03144780794676163,1.0,26
VRP_N6_Vehicles6_Layers=2_MaxIter=25_20260725_043730,VRP,20260725_043730,42,6,6,2,25,1.0,100.0,59.48,"{'1': [0, 1, 0], '2': [0, 2, 0], '3': [0, 3, 0], '4': [0, 4, 0], '5': [0, 6, 0], '6': [0, 5, 0]}",0.005065441131591797,59.48,CV-VQE,1538.74,"{'1': [0, 1, 2, 3, 4, 5, 6, 0], '2': [0, 0], '3': [0, 0], '4': [0, 0], '5': [0, 0], '6': [0, 0]}",1080.7224321365356,0.038655003444376564,1.0,26
VRP_N6_Vehicles2_Layers=3_MaxIter=25_20260725_050214,VRP,20260725_050214,42,6,2,3,25,1.0,100.0,28.02,"{'1': [0, 4, 3, 1, 2, 5, 0], '2': [0, 6, 0]}",0.01173543930053711,28.02,CV-VQE,1538.74,"{'1': [0, 1, 2, 3, 4, 5, 6, 0], '2': [0, 0]}",1080.2645003795624,0.018209704043568115,1.0,26
VRP_N6_Vehicles3_Layers=3_MaxIter=25_20260725_052011,VRP,20260725_052011,42,6,3,3,25,1.0,100.0,31.409999999999997,"{'1': [0, 3, 1, 2, 5, 0], '2': [0, 6, 0], '3': [0, 4, 0]}",0.02823019027709961,31.409999999999997,CV-VQE,1538.74,"{'1': [0, 1, 2, 3, 4, 5, 6, 0], '2': [0, 0], '3': [0, 0]}",1075.8702185153961,0.02041280528224391,1.0,26
VRP_N6_Vehicles4_Layers=3_MaxIter=25_20260725_053810,VRP,20260725_053810,42,6,4,3,25,1.0,100.0,39.11,"{'1': [0, 2, 1, 3, 0], '2': [0, 4, 0], '3': [0, 5, 0], '4': [0, 6, 0]}",0.033345937728881836,39.11,CV-VQE,1538.74,"{'1': [0, 1, 2, 3, 4, 5, 6, 0], '2': [0, 0], '3': [0, 0], '4': [0, 0]}",1078.3234922885895,0.025416899541183046,1.0,26
VRP_N6_Vehicles5_Layers=3_MaxIter=25_20260725_055620,VRP,20260725_055620,42,6,5,3,25,1.0,100.0,48.38999999999999,"{'1': [0, 1, 3, 0], '2': [0, 4, 0], '3': [0, 2, 0], '4': [0, 6, 0], '5': [0, 5, 0]}",0.0194854736328125,48.38999999999999,CV-VQE,1538.74,"{'1': [0, 1, 2, 3, 4, 5, 6, 0], '2': [0, 0], '3': [0, 0], '4': [0, 0], '5': [0, 0]}",1088.7077462673187,0.03144780794676163,1.0,26
VRP_N6_Vehicles6_Layers=3_MaxIter=25_20260725_061424,VRP,20260725_061424,42,6,6,3,25,1.0,100.0,59.48,"{'1': [0, 1, 0], '2': [0, 2, 0], '3': [0, 3, 0], '4': [0, 4, 0], '5': [0, 6, 0], '6': [0, 5, 0]}",0.004781961441040039,59.48,CV-VQE,1538.74,"{'1': [0, 1, 2, 3, 4, 5, 6, 0], '2': [0, 0], '3': [0, 0], '4': [0, 0], '5': [0, 0], '6': [0, 0]}",1082.7052080631256,0.038655003444376564,1.0,26
VRP_N6_Vehicles2_Layers=4_MaxIter=25_20260725_063919,VRP,20260725_063919,42,6,2,4,25,1.0,100.0,28.02,"{'1': [0, 4, 3, 1, 2, 5, 0], '2': [0, 6, 0]}",0.01171255111694336,28.02,CV-VQE,1538.74,"{'1': [0, 1, 2, 3, 4, 5, 6, 0], '2': [0, 0]}",1083.007355928421,0.018209704043568115,1.0,26
VRP_N6_Vehicles3_Layers=4_MaxIter=25_20260725_065723,VRP,20260725_065723,42,6,3,4,25,1.0,100.0,31.409999999999997,"{'1': [0, 3, 1, 2, 5, 0], '2': [0, 6, 0], '3': [0, 4, 0]}",0.028233051300048828,31.409999999999997,CV-VQE,1538.74,"{'1': [0, 1, 2, 3, 4, 5, 6, 0], '2': [0, 0], '3': [0, 0]}",1083.3469367027283,0.02041280528224391,1.0,26
VRP_N6_Vehicles4_Layers=4_MaxIter=25_20260725_071519,VRP,20260725_071519,42,6,4,4,25,1.0,100.0,39.11,"{'1': [0, 2, 1, 3, 0], '2': [0, 4, 0], '3': [0, 5, 0], '4': [0, 6, 0]}",0.03280377388000488,39.11,CV-VQE,1538.74,"{'1': [0, 1, 2, 3, 4, 5, 6, 0], '2': [0, 0], '3': [0, 0], '4': [0, 0]}",1074.942982673645,0.025416899541183046,1.0,26
VRP_N6_Vehicles5_Layers=4_MaxIter=25_20260725_073315,VRP,20260725_073315,42,6,5,4,25,1.0,100.0,48.38999999999999,"{'1': [0, 1, 3, 0], '2': [0, 4, 0], '3': [0, 2, 0], '4': [0, 6, 0], '5': [0, 5, 0]}",0.019127607345581055,48.38999999999999,CV-VQE,1538.74,"{'1': [0, 1, 2, 3, 4, 5, 6, 0], '2': [0, 0], '3': [0, 0], '4': [0, 0], '5': [0, 0]}",1074.4729940891266,0.03144780794676163,1.0,26
VRP_N6_Vehicles6_Layers=4_MaxIter=25_20260725_075111,VRP,20260725_075111,42,6,6,4,25,1.0,100.0,59.48,"{'1': [0, 1, 0], '2': [0, 2, 0], '3': [0, 3, 0], '4': [0, 4, 0], '5': [0, 6, 0], '6': [0, 5, 0]}",0.005056619644165039,59.48,CV-VQE,1538.74,"{'1': [0, 1, 2, 3, 4, 5, 6, 0], '2': [0, 0], '3': [0, 0], '4': [0, 0], '5': [0, 0], '6': [0, 0]}",1075.1321823596954,0.038655003444376564,1.0,26
VRP_N6_Vehicles2_Layers=5_MaxIter=25_20260725_081615,VRP,20260725_081615,42,6,2,5,25,1.0,100.0,28.02,"{'1': [0, 4, 3, 1, 2, 5, 0], '2': [0, 6, 0]}",0.011475801467895508,28.02,CV-VQE,1538.74,"{'1': [0, 1, 2, 3, 4, 5, 6, 0], '2': [0, 0]}",1081.5800943374634,0.018209704043568115,1.0,26
VRP_N6_Vehicles3_Layers=5_MaxIter=25_20260725_083423,VRP,20260725_083423,42,6,3,5,25,1.0,100.0,31.409999999999997,"{'1': [0, 3, 1, 2, 5, 0], '2': [0, 6, 0], '3': [0, 4, 0]}",0.0280914306640625,31.409999999999997,CV-VQE,1538.74,"{'1': [0, 1, 2, 3, 4, 5, 6, 0], '2': [0, 0], '3': [0, 0]}",1086.280758857727,0.02041280528224391,1.0,26
VRP_N6_Vehicles4_Layers=5_MaxIter=25_20260725_085223,VRP,20260725_085223,42,6,4,5,25,1.0,100.0,39.11,"{'1': [0, 2, 1, 3, 0], '2': [0, 4, 0], '3': [0, 5, 0], '4': [0, 6, 0]}",0.03306937217712402,39.11,CV-VQE,1538.74,"{'1': [0, 1, 2, 3, 4, 5, 6, 0], '2': [0, 0], '3': [0, 0], '4': [0, 0]}",1079.2413504123688,0.025416899541183046,1.0,26
VRP_N6_Vehicles5_Layers=5_MaxIter=25_20260725_091029,VRP,20260725_091029,42,6,5,5,25,1.0,100.0,48.38999999999999,"{'1': [0, 1, 3, 0], '2': [0, 4, 0], '3': [0, 2, 0], '4': [0, 6, 0], '5': [0, 5, 0]}",0.019173383712768555,48.38999999999999,CV-VQE,1538.74,"{'1': [0, 1, 2, 3, 4, 5, 6, 0], '2': [0, 0], '3': [0, 0], '4': [0, 0], '5': [0, 0]}",1084.9590270519257,0.03144780794676163,1.0,26
VRP_N6_Vehicles6_Layers=5_MaxIter=25_20260725_092845,VRP,20260725_092845,42,6,6,5,25,1.0,100.0,59.48,"{'1': [0, 1, 0], '2': [0, 2, 0], '3': [0, 3, 0], '4': [0, 4, 0], '5': [0, 6, 0], '6': [0, 5, 0]}",0.0050623416900634766,59.48,CV-VQE,1538.74,"{'1': [0, 1, 2, 3, 4, 5, 6, 0], '2': [0, 0], '3': [0, 0], '4': [0, 0], '5': [0, 0], '6': [0, 0]}",1095.1257598400116,0.038655003444376564,1.0,26
VRP_N6_Vehicles2_Layers=1_MaxIter=50_20260725_101044,VRP,20260725_101044,42,6,2,1,50,1.0,100.0,28.02,"{'1': [0, 4, 3, 1, 2, 5, 0], '2': [0, 6, 0]}",0.011602640151977539,28.02,CV-VQE,1538.74,"{'1': [0, 1, 2, 3, 4, 5, 6, 0], '2': [0, 0]}",2125.8982100486755,0.018209704043568115,1.0,51
VRP_N6_Vehicles3_Layers=1_MaxIter=50_20260725_104631,VRP,20260725_104631,42,6,3,1,50,1.0,100.0,31.409999999999997,"{'1': [0, 3, 1, 2, 5, 0], '2': [0, 6, 0], '3': [0, 4, 0]}",0.028344154357910156,31.409999999999997,CV-VQE,1538.74,"{'1': [0, 1, 2, 3, 4, 5, 6, 0], '2': [0, 0], '3': [0, 0]}",2145.414811372757,0.02041280528224391,1.0,51
VRP_N6_Vehicles4_Layers=1_MaxIter=50_20260725_112209,VRP,20260725_112209,42,6,4,1,50,1.0,100.0,39.11,"{'1': [0, 2, 1, 3, 0], '2': [0, 4, 0], '3': [0, 5, 0], '4': [0, 6, 0]}",0.03469967842102051,39.11,CV-VQE,1538.74,"{'1': [0, 1, 2, 3, 4, 5, 6, 0], '2': [0, 0], '3': [0, 0], '4': [0, 0]}",2137.239182949066,0.025416899541183046,1.0,51
VRP_N6_Vehicles5_Layers=1_MaxIter=50_20260725_115733,VRP,20260725_115733,42,6,5,1,50,1.0,100.0,48.38999999999999,"{'1': [0, 1, 3, 0], '2': [0, 4, 0], '3': [0, 2, 0], '4': [0, 6, 0], '5': [0, 5, 0]}",0.019155502319335938,48.38999999999999,CV-VQE,1538.74,"{'1': [0, 1, 2, 3, 4, 5, 6, 0], '2': [0, 0], '3': [0, 0], '4': [0, 0], '5': [0, 0]}",2122.1891345977783,0.03144780794676163,1.0,51
VRP_N6_Vehicles6_Layers=1_MaxIter=50_20260725_123259,VRP,20260725_123259,42,6,6,1,50,1.0,100.0,59.48,"{'1': [0, 1, 0], '2': [0, 2, 0], '3': [0, 3, 0], '4': [0, 4, 0], '5': [0, 6, 0], '6': [0, 5, 0]}",0.004923343658447266,59.48,CV-VQE,1538.74,"{'1': [0, 1, 2, 3, 4, 5, 6, 0], '2': [0, 0], '3': [0, 0], '4': [0, 0], '5': [0, 0], '6': [0, 0]}",2125.5236251354218,0.038655003444376564,1.0,51
VRP_N6_Vehicles2_Layers=2_MaxIter=50_20260725_131504,VRP,20260725_131504,42,6,2,2,50,1.0,100.0,28.02,"{'1': [0, 4, 3, 1, 2, 5, 0], '2': [0, 6, 0]}",0.01197052001953125,28.02,CV-VQE,1538.74,"{'1': [0, 1, 2, 3, 4, 5, 6, 0], '2': [0, 0]}",2131.6791672706604,0.018209704043568115,1.0,51
VRP_N6_Vehicles3_Layers=2_MaxIter=50_20260725_135028,VRP,20260725_135028,42,6,3,2,50,1.0,100.0,31.409999999999997,"{'1': [0, 3, 1, 2, 5, 0], '2': [0, 6, 0], '3': [0, 4, 0]}",0.02796030044555664,31.409999999999997,CV-VQE,1538.74,"{'1': [0, 1, 2, 3, 4, 5, 6, 0], '2': [0, 0], '3': [0, 0]}",2123.1904442310333,0.02041280528224391,1.0,51
VRP_N6_Vehicles4_Layers=2_MaxIter=50_20260725_142551,VRP,20260725_142551,42,6,4,2,50,1.0,100.0,39.11,"{'1': [0, 2, 1, 3, 0], '2': [0, 4, 0], '3': [0, 5, 0], '4': [0, 6, 0]}",0.03329634666442871,39.11,CV-VQE,1538.74,"{'1': [0, 1, 2, 3, 4, 5, 6, 0], '2': [0, 0], '3': [0, 0], '4': [0, 0]}",2122.4726951122284,0.025416899541183046,1.0,51
VRP_N6_Vehicles5_Layers=2_MaxIter=50_20260725_150116,VRP,20260725_150116,42,6,5,2,50,1.0,100.0,48.38999999999999,"{'1': [0, 1, 3, 0], '2': [0, 4, 0], '3': [0, 2, 0], '4': [0, 6, 0], '5': [0, 5, 0]}",0.019880056381225586,48.38999999999999,CV-VQE,1538.74,"{'1': [0, 1, 2, 3, 4, 5, 6, 0], '2': [0, 0], '3': [0, 0], '4': [0, 0], '5': [0, 0]}",2123.809590101242,0.03144780794676163,1.0,51
VRP_N6_Vehicles6_Layers=2_MaxIter=50_20260725_153640,VRP,20260725_153640,42,6,6,2,50,1.0,100.0,59.48,"{'1': [0, 1, 0], '2': [0, 2, 0], '3': [0, 3, 0], '4': [0, 4, 0], '5': [0, 6, 0], '6': [0, 5, 0]}",0.004884958267211914,59.48,CV-VQE,1538.74,"{'1': [0, 1, 2, 3, 4, 5, 6, 0], '2': [0, 0], '3': [0, 0], '4': [0, 0], '5': [0, 0], '6': [0, 0]}",2123.101708650589,0.038655003444376564,1.0,51
VRP_N6_Vehicles2_Layers=3_MaxIter=50_20260725_161913,VRP,20260725_161913,42,6,2,3,50,1.0,100.0,28.02,"{'1': [0, 4, 3, 1, 2, 5, 0], '2': [0, 6, 0]}",0.011633157730102539,28.02,CV-VQE,1538.74,"{'1': [0, 1, 2, 3, 4, 5, 6, 0], '2': [0, 0]}",2123.2283415794373,0.018209704043568115,1.0,51
VRP_N6_Vehicles3_Layers=3_MaxIter=50_20260725_165525,VRP,20260725_165525,42,6,3,3,50,1.0,100.0,31.409999999999997,"{'1': [0, 3, 1, 2, 5, 0], '2': [0, 6, 0], '3': [0, 4, 0]}",0.02741527557373047,31.409999999999997,CV-VQE,1538.74,"{'1': [0, 1, 2, 3, 4, 5, 6, 0], '2': [0, 0], '3': [0, 0]}",2171.6787037849426,0.02041280528224391,1.0,51
VRP_N6_Vehicles4_Layers=3_MaxIter=50_20260725_173056,VRP,20260725_173056,42,6,4,3,50,1.0,100.0,39.11,"{'1': [0, 2, 1, 3, 0], '2': [0, 4, 0], '3': [0, 5, 0], '4': [0, 6, 0]}",0.03354620933532715,39.11,CV-VQE,1538.74,"{'1': [0, 1, 2, 3, 4, 5, 6, 0], '2': [0, 0], '3': [0, 0], '4': [0, 0]}",2130.0604491233826,0.025416899541183046,1.0,51
VRP_N6_Vehicles5_Layers=3_MaxIter=50_20260725_180626,VRP,20260725_180626,42,6,5,3,50,1.0,100.0,48.38999999999999,"{'1': [0, 1, 3, 0], '2': [0, 4, 0], '3': [0, 2, 0], '4': [0, 6, 0], '5': [0, 5, 0]}",0.019177913665771484,48.38999999999999,CV-VQE,1538.74,"{'1': [0, 1, 2, 3, 4, 5, 6, 0], '2': [0, 0], '3': [0, 0], '4': [0, 0], '5': [0, 0]}",2128.787301301956,0.03144780794676163,1.0,51
VRP_N6_Vehicles6_Layers=3_MaxIter=50_20260725_184200,VRP,20260725_184200,42,6,6,3,50,1.0,100.0,59.48,"{'1': [0, 1, 0], '2': [0, 2, 0], '3': [0, 3, 0], '4': [0, 4, 0], '5': [0, 6, 0], '6': [0, 5, 0]}",0.004950284957885742,59.48,CV-VQE,1538.74,"{'1': [0, 1, 2, 3, 4, 5, 6, 0], '2': [0, 0], '3': [0, 0], '4': [0, 0], '5': [0, 0], '6': [0, 0]}",2132.382230758667,0.038655003444376564,1.0,51
VRP_N6_Vehicles2_Layers=4_MaxIter=50_20260725_192437,VRP,20260725_192437,42,6,2,4,50,1.0,100.0,28.02,"{'1': [0, 4, 3, 1, 2, 5, 0], '2': [0, 6, 0]}",0.011548995971679688,28.02,CV-VQE,1538.74,"{'1': [0, 1, 2, 3, 4, 5, 6, 0], '2': [0, 0]}",2123.4842207431793,0.018209704043568115,1.0,51
VRP_N6_Vehicles3_Layers=4_MaxIter=50_20260725_200003,VRP,20260725_200003,42,6,3,4,50,1.0,100.0,31.409999999999997,"{'1': [0, 3, 1, 2, 5, 0], '2': [0, 6, 0], '3': [0, 4, 0]}",0.028701066970825195,31.409999999999997,CV-VQE,1538.74,"{'1': [0, 1, 2, 3, 4, 5, 6, 0], '2': [0, 0], '3': [0, 0]}",2124.926636695862,0.02041280528224391,1.0,51
VRP_N6_Vehicles4_Layers=4_MaxIter=50_20260725_203528,VRP,20260725_203528,42,6,4,4,50,1.0,100.0,39.11,"{'1': [0, 2, 1, 3, 0], '2': [0, 4, 0], '3': [0, 5, 0], '4': [0, 6, 0]}",0.033034563064575195,39.11,CV-VQE,1538.74,"{'1': [0, 1, 2, 3, 4, 5, 6, 0], '2': [0, 0], '3': [0, 0], '4': [0, 0]}",2124.0658342838287,0.025416899541183046,1.0,51
VRP_N6_Vehicles5_Layers=4_MaxIter=50_20260725_211054,VRP,20260725_211054,42,6,5,4,50,1.0,100.0,48.38999999999999,"{'1': [0, 1, 3, 0], '2': [0, 4, 0], '3': [0, 2, 0], '4': [0, 6, 0], '5': [0, 5, 0]}",0.01986861228942871,48.38999999999999,CV-VQE,1538.74,"{'1': [0, 1, 2, 3, 4, 5, 6, 0], '2': [0, 0], '3': [0, 0], '4': [0, 0], '5': [0, 0]}",2124.8596029281616,0.03144780794676163,1.0,51
VRP_N6_Vehicles6_Layers=4_MaxIter=50_20260725_214616,VRP,20260725_214616,42,6,6,4,50,1.0,100.0,59.48,"{'1': [0, 1, 0], '2': [0, 2, 0], '3': [0, 3, 0], '4': [0, 4, 0], '5': [0, 6, 0], '6': [0, 5, 0]}",0.004960298538208008,59.48,CV-VQE,1538.74,"{'1': [0, 1, 2, 3, 4, 5, 6, 0], '2': [0, 0], '3': [0, 0], '4': [0, 0], '5': [0, 0], '6': [0, 0]}",2121.32107257843,0.038655003444376564,1.0,51
VRP_N6_Vehicles2_Layers=5_MaxIter=50_20260725_222918,VRP,20260725_222918,42,6,2,5,50,1.0,100.0,28.02,"{'1': [0, 4, 3, 1, 2, 5, 0], '2': [0, 6, 0]}",0.01157379150390625,28.02,CV-VQE,1538.74,"{'1': [0, 1, 2, 3, 4, 5, 6, 0], '2': [0, 0]}",2111.798859357834,0.018209704043568115,1.0,51
VRP_N6_Vehicles3_Layers=5_MaxIter=50_20260725_230430,VRP,20260725_230430,42,6,3,5,50,1.0,100.0,31.409999999999997,"{'1': [0, 3, 1, 2, 5, 0], '2': [0, 6, 0], '3': [0, 4, 0]}",0.028211116790771484,31.409999999999997,CV-VQE,1538.74,"{'1': [0, 1, 2, 3, 4, 5, 6, 0], '2': [0, 0], '3': [0, 0]}",2110.44172167778,0.02041280528224391,1.0,51
VRP_N6_Vehicles4_Layers=5_MaxIter=50_20260725_233944,VRP,20260725_233944,42,6,4,5,50,1.0,100.0,39.11,"{'1': [0, 2, 1, 3, 0], '2': [0, 4, 0], '3': [0, 5, 0], '4': [0, 6, 0]}",0.033737897872924805,39.11,CV-VQE,1538.74,"{'1': [0, 1, 2, 3, 4, 5, 6, 0], '2': [0, 0], '3': [0, 0], '4': [0, 0]}",2112.6645650863647,0.025416899541183046,1.0,51
VRP_N6_Vehicles5_Layers=5_MaxIter=50_20260726_001458,VRP,20260726_001458,42,6,5,5,50,1.0,100.0,48.38999999999999,"{'1': [0, 1, 3, 0], '2': [0, 4, 0], '3': [0, 2, 0], '4': [0, 6, 0], '5': [0, 5, 0]}",0.019985675811767578,48.38999999999999,CV-VQE,1538.74,"{'1': [0, 1, 2, 3, 4, 5, 6, 0], '2': [0, 0], '3': [0, 0], '4': [0, 0], '5': [0, 0]}",2113.4987857341766,0.03144780794676163,1.0,51
VRP_N6_Vehicles6_Layers=5_MaxIter=50_20260726_005010,VRP,20260726_005010,42,6,6,5,50,1.0,100.0,59.48,"{'1': [0, 1, 0], '2': [0, 2, 0], '3': [0, 3, 0], '4': [0, 4, 0], '5': [0, 6, 0], '6': [0, 5, 0]}",0.004870891571044922,59.48,CV-VQE,1538.74,"{'1': [0, 1, 2, 3, 4, 5, 6, 0], '2': [0, 0], '3': [0, 0], '4': [0, 0], '5': [0, 0], '6': [0, 0]}",2110.5018813610077,0.038655003444376564,1.0,51
VRP_N6_Vehicles2_Layers=1_MaxIter=75_20260726_014913,VRP,20260726_014913,42,6,2,1,75,1.0,100.0,28.02,"{'1': [0, 4, 3, 1, 2, 5, 0], '2': [0, 6, 0]}",0.01145625114440918,28.02,CV-VQE,1538.74,"{'1': [0, 1, 2, 3, 4, 5, 6, 0], '2': [0, 0]}",3155.8567130565643,0.018209704043568115,1.0,76
VRP_N6_Vehicles3_Layers=1_MaxIter=75_20260726_024135,VRP,20260726_024135,42,6,3,1,75,1.0,100.0,31.409999999999997,"{'1': [0, 3, 1, 2, 5, 0], '2': [0, 6, 0], '3': [0, 4, 0]}",0.02763962745666504,31.409999999999997,CV-VQE,1538.74,"{'1': [0, 1, 2, 3, 4, 5, 6, 0], '2': [0, 0], '3': [0, 0]}",3140.765378713608,0.02041280528224391,1.0,76
VRP_N6_Vehicles4_Layers=1_MaxIter=75_20260726_033355,VRP,20260726_033355,42,6,4,1,75,1.0,100.0,39.11,"{'1': [0, 2, 1, 3, 0], '2': [0, 4, 0], '3': [0, 5, 0], '4': [0, 6, 0]}",0.03293657302856445,39.11,CV-VQE,1538.74,"{'1': [0, 1, 2, 3, 4, 5, 6, 0], '2': [0, 0], '3': [0, 0], '4': [0, 0]}",3139.1675910949707,0.025416899541183046,1.0,76
VRP_N6_Vehicles5_Layers=1_MaxIter=75_20260726_042628,VRP,20260726_042628,42,6,5,1,75,1.0,100.0,48.38999999999999,"{'1': [0, 1, 3, 0], '2': [0, 4, 0], '3': [0, 2, 0], '4': [0, 6, 0], '5': [0, 5, 0]}",0.019261598587036133,48.38999999999999,CV-VQE,1538.74,"{'1': [0, 1, 2, 3, 4, 5, 6, 0], '2': [0, 0], '3': [0, 0], '4': [0, 0], '5': [0, 0]}",3151.442310810089,0.03144780794676163,1.0,76
VRP_N6_Vehicles6_Layers=1_MaxIter=75_20260726_051859,VRP,20260726_051859,42,6,6,1,75,1.0,100.0,59.48,"{'1': [0, 1, 0], '2': [0, 2, 0], '3': [0, 3, 0], '4': [0, 4, 0], '5': [0, 6, 0], '6': [0, 5, 0]}",0.004889011383056641,59.48,CV-VQE,1538.74,"{'1': [0, 1, 2, 3, 4, 5, 6, 0], '2': [0, 0], '3': [0, 0], '4': [0, 0], '5': [0, 0], '6': [0, 0]}",3150.5727350711823,0.038655003444376564,1.0,76
VRP_N6_Vehicles2_Layers=2_MaxIter=75_20260726_061751,VRP,20260726_061751,42,6,2,2,75,1.0,100.0,28.02,"{'1': [0, 4, 3, 1, 2, 5, 0], '2': [0, 6, 0]}",0.011623382568359375,28.02,CV-VQE,1538.74,"{'1': [0, 1, 2, 3, 4, 5, 6, 0], '2': [0, 0]}",3114.366141319275,0.018209704043568115,1.0,76
VRP_N6_Vehicles3_Layers=2_MaxIter=75_20260726_071007,VRP,20260726_071007,42,6,3,2,75,1.0,100.0,31.409999999999997,"{'1': [0, 3, 1, 2, 5, 0], '2': [0, 6, 0], '3': [0, 4, 0]}",0.02802753448486328,31.409999999999997,CV-VQE,1538.74,"{'1': [0, 1, 2, 3, 4, 5, 6, 0], '2': [0, 0], '3': [0, 0]}",3134.625202178955,0.02041280528224391,1.0,76
VRP_N6_Vehicles4_Layers=2_MaxIter=75_20260726_080222,VRP,20260726_080222,42,6,4,2,75,1.0,100.0,39.11,"{'1': [0, 2, 1, 3, 0], '2': [0, 4, 0], '3': [0, 5, 0], '4': [0, 6, 0]}",0.033220529556274414,39.11,CV-VQE,1538.74,"{'1': [0, 1, 2, 3, 4, 5, 6, 0], '2': [0, 0], '3': [0, 0], '4': [0, 0]}",3134.1170041561127,0.025416899541183046,1.0,76
VRP_N6_Vehicles5_Layers=2_MaxIter=75_20260726_085436,VRP,20260726_085436,42,6,5,2,75,1.0,100.0,48.38999999999999,"{'1': [0, 1, 3, 0], '2': [0, 4, 0], '3': [0, 2, 0], '4': [0, 6, 0], '5': [0, 5, 0]}",0.019689321517944336,48.38999999999999,CV-VQE,1538.74,"{'1': [0, 1, 2, 3, 4, 5, 6, 0], '2': [0, 0], '3': [0, 0], '4': [0, 0], '5': [0, 0]}",3133.5196344852448,0.03144780794676163,1.0,76
VRP_N6_Vehicles6_Layers=2_MaxIter=75_20260726_094649,VRP,20260726_094649,42,6,6,2,75,1.0,100.0,59.48,"{'1': [0, 1, 0], '2': [0, 2, 0], '3': [0, 3, 0], '4': [0, 4, 0], '5': [0, 6, 0], '6': [0, 5, 0]}",0.004976511001586914,59.48,CV-VQE,1538.74,"{'1': [0, 1, 2, 3, 4, 5, 6, 0], '2': [0, 0], '3': [0, 0], '4': [0, 0], '5': [0, 0], '6': [0, 0]}",3131.951525449753,0.038655003444376564,1.0,76
VRP_N6_Vehicles2_Layers=3_MaxIter=75_20260726_104649,VRP,20260726_104649,42,6,2,3,75,1.0,100.0,28.02,"{'1': [0, 4, 3, 1, 2, 5, 0], '2': [0, 6, 0]}",0.011610746383666992,28.02,CV-VQE,1538.74,"{'1': [0, 1, 2, 3, 4, 5, 6, 0], '2': [0, 0]}",3133.1406013965607,0.018209704043568115,1.0,76
VRP_N6_Vehicles3_Layers=3_MaxIter=75_20260726_113920,VRP,20260726_113920,42,6,3,3,75,1.0,100.0,31.409999999999997,"{'1': [0, 3, 1, 2, 5, 0], '2': [0, 6, 0], '3': [0, 4, 0]}",0.02811145782470703,31.409999999999997,CV-VQE,1538.74,"{'1': [0, 1, 2, 3, 4, 5, 6, 0], '2': [0, 0], '3': [0, 0]}",3150.528479576111,0.02041280528224391,1.0,76
VRP_N6_Vehicles4_Layers=3_MaxIter=75_20260726_123136,VRP,20260726_123136,42,6,4,3,75,1.0,100.0,39.11,"{'1': [0, 2, 1, 3, 0], '2': [0, 4, 0], '3': [0, 5, 0], '4': [0, 6, 0]}",0.03341245651245117,39.11,CV-VQE,1538.74,"{'1': [0, 1, 2, 3, 4, 5, 6, 0], '2': [0, 0], '3': [0, 0], '4': [0, 0]}",3134.8763716220856,0.025416899541183046,1.0,76
VRP_N6_Vehicles5_Layers=3_MaxIter=75_20260726_132357,VRP,20260726_132357,42,6,5,3,75,1.0,100.0,48.38999999999999,"{'1': [0, 1, 3, 0], '2': [0, 4, 0], '3': [0, 2, 0], '4': [0, 6, 0], '5': [0, 5, 0]}",0.019698381423950195,48.38999999999999,CV-VQE,1538.74,"{'1': [0, 1, 2, 3, 4, 5, 6, 0], '2': [0, 0], '3': [0, 0], '4': [0, 0], '5': [0, 0]}",3140.036835670471,0.03144780794676163,1.0,76
VRP_N6_Vehicles6_Layers=3_MaxIter=75_20260726_141614,VRP,20260726_141614,42,6,6,3,75,1.0,100.0,59.48,"{'1': [0, 1, 0], '2': [0, 2, 0], '3': [0, 3, 0], '4': [0, 4, 0], '5': [0, 6, 0], '6': [0, 5, 0]}",0.004912853240966797,59.48,CV-VQE,1538.74,"{'1': [0, 1, 2, 3, 4, 5, 6, 0], '2': [0, 0], '3': [0, 0], '4': [0, 0], '5': [0, 0], '6': [0, 0]}",3135.8551573753357,0.038655003444376564,1.0,76
VRP_N6_Vehicles2_Layers=4_MaxIter=75_20260726_151622,VRP,20260726_151622,42,6,2,4,75,1.0,100.0,28.02,"{'1': [0, 4, 3, 1, 2, 5, 0], '2': [0, 6, 0]}",0.011618614196777344,28.02,CV-VQE,1538.74,"{'1': [0, 1, 2, 3, 4, 5, 6, 0], '2': [0, 0]}",3129.0454790592194,0.018209704043568115,1.0,76
VRP_N6_Vehicles3_Layers=4_MaxIter=75_20260726_160858,VRP,20260726_160858,42,6,3,4,75,1.0,100.0,31.409999999999997,"{'1': [0, 3, 1, 2, 5, 0], '2': [0, 6, 0], '3': [0, 4, 0]}",0.028333187103271484,31.409999999999997,CV-VQE,1538.74,"{'1': [0, 1, 2, 3, 4, 5, 6, 0], '2': [0, 0], '3': [0, 0]}",3155.852257490158,0.02041280528224391,1.0,76
VRP_N6_Vehicles4_Layers=4_MaxIter=75_20260726_170137,VRP,20260726_170137,42,6,4,4,75,1.0,100.0,39.11,"{'1': [0, 2, 1, 3, 0], '2': [0, 4, 0], '3': [0, 5, 0], '4': [0, 6, 0]}",0.033293962478637695,39.11,CV-VQE,1538.74,"{'1': [0, 1, 2, 3, 4, 5, 6, 0], '2': [0, 0], '3': [0, 0], '4': [0, 0]}",3157.6322185993195,0.025416899541183046,1.0,76
VRP_N6_Vehicles5_Layers=4_MaxIter=75_20260726_175422,VRP,20260726_175422,42,6,5,4,75,1.0,100.0,48.38999999999999,"{'1': [0, 1, 3, 0], '2': [0, 4, 0], '3': [0, 2, 0], '4': [0, 6, 0], '5': [0, 5, 0]}",0.019304275512695312,48.38999999999999,CV-VQE,1538.74,"{'1': [0, 1, 2, 3, 4, 5, 6, 0], '2': [0, 0], '3': [0, 0], '4': [0, 0], '5': [0, 0]}",3163.7330691814423,0.03144780794676163,1.0,76
VRP_N6_Vehicles6_Layers=4_MaxIter=75_20260726_184658,VRP,20260726_184658,42,6,6,4,75,1.0,100.0,59.48,"{'1': [0, 1, 0], '2': [0, 2, 0], '3': [0, 3, 0], '4': [0, 4, 0], '5': [0, 6, 0], '6': [0, 5, 0]}",0.004891157150268555,59.48,CV-VQE,1538.74,"{'1': [0, 1, 2, 3, 4, 5, 6, 0], '2': [0, 0], '3': [0, 0], '4': [0, 0], '5': [0, 0], '6': [0, 0]}",3154.7391736507416,0.038655003444376564,1.0,76
VRP_N6_Vehicles2_Layers=5_MaxIter=75_20260726_194839,VRP,20260726_194839,42,6,2,5,75,1.0,100.0,28.02,"{'1': [0, 4, 3, 1, 2, 5, 0], '2': [0, 6, 0]}",0.011774539947509766,28.02,CV-VQE,1538.74,"{'1': [0, 1, 2, 3, 4, 5, 6, 0], '2': [0, 0]}",3195.6746697425842,0.018209704043568115,1.0,76
VRP_N6_Vehicles3_Layers=5_MaxIter=75_20260726_204144,VRP,20260726_204144,42,6,3,5,75,1.0,100.0,31.409999999999997,"{'1': [0, 3, 1, 2, 5, 0], '2': [0, 6, 0], '3': [0, 4, 0]}",0.0298311710357666,31.409999999999997,CV-VQE,1538.74,"{'1': [0, 1, 2, 3, 4, 5, 6, 0], '2': [0, 0], '3': [0, 0]}",3183.6907596588135,0.02041280528224391,1.0,76
VRP_N6_Vehicles4_Layers=5_MaxIter=75_20260726_213354,VRP,20260726_213354,42,6,4,5,75,1.0,100.0,39.11,"{'1': [0, 2, 1, 3, 0], '2': [0, 4, 0], '3': [0, 5, 0], '4': [0, 6, 0]}",0.03279304504394531,39.11,CV-VQE,1538.74,"{'1': [0, 1, 2, 3, 4, 5, 6, 0], '2': [0, 0], '3': [0, 0], '4': [0, 0]}",3129.5320751667023,0.025416899541183046,1.0,76
VRP_N6_Vehicles5_Layers=5_MaxIter=75_20260726_222611,VRP,20260726_222611,42,6,5,5,75,1.0,100.0,48.38999999999999,"{'1': [0, 1, 3, 0], '2': [0, 4, 0], '3': [0, 2, 0], '4': [0, 6, 0], '5': [0, 5, 0]}",0.019931554794311523,48.38999999999999,CV-VQE,1538.74,"{'1': [0, 1, 2, 3, 4, 5, 6, 0], '2': [0, 0], '3': [0, 0], '4': [0, 0], '5': [0, 0]}",3135.065374135971,0.03144780794676163,1.0,76
VRP_N6_Vehicles6_Layers=5_MaxIter=75_20260726_231825,VRP,20260726_231825,42,6,6,5,75,1.0,100.0,59.48,"{'1': [0, 1, 0], '2': [0, 2, 0], '3': [0, 3, 0], '4': [0, 4, 0], '5': [0, 6, 0], '6': [0, 5, 0]}",0.005017757415771484,59.48,CV-VQE,1538.74,"{'1': [0, 1, 2, 3, 4, 5, 6, 0], '2': [0, 0], '3': [0, 0], '4': [0, 0], '5': [0, 0], '6': [0, 0]}",3133.848322868347,0.038655003444376564,1.0,76
VRP_N6_Vehicles2_Layers=1_MaxIter=100_20260727_003452,VRP,20260727_003452,42,6,2,1,100,1.0,100.0,28.02,"{'1': [0, 4, 3, 1, 2, 5, 0], '2': [0, 6, 0]}",0.011589527130126953,28.02,CV-VQE,1538.74,"{'1': [0, 1, 2, 3, 4, 5, 6, 0], '2': [0, 0]}",4183.749743461609,0.018209704043568115,1.0,101
VRP_N6_Vehicles3_Layers=1_MaxIter=100_20260727_014502,VRP,20260727_014502,42,6,3,1,100,1.0,100.0,31.409999999999997,"{'1': [0, 3, 1, 2, 5, 0], '2': [0, 6, 0], '3': [0, 4, 0]}",0.02794647216796875,31.409999999999997,CV-VQE,1538.74,"{'1': [0, 1, 2, 3, 4, 5, 6, 0], '2': [0, 0], '3': [0, 0]}",4209.676607131958,0.02041280528224391,1.0,101
VRP_N6_Vehicles4_Layers=1_MaxIter=100_20260727_025503,VRP,20260727_025503,42,6,4,1,100,1.0,100.0,39.11,"{'1': [0, 2, 1, 3, 0], '2': [0, 4, 0], '3': [0, 5, 0], '4': [0, 6, 0]}",0.032472848892211914,39.11,CV-VQE,1538.74,"{'1': [0, 1, 2, 3, 4, 5, 6, 0], '2': [0, 0], '3': [0, 0], '4': [0, 0]}",4200.049546957016,0.025416899541183046,1.0,101
VRP_N6_Vehicles5_Layers=1_MaxIter=100_20260727_040509,VRP,20260727_040509,42,6,5,1,100,1.0,100.0,48.38999999999999,"{'1': [0, 1, 3, 0], '2': [0, 4, 0], '3': [0, 2, 0], '4': [0, 6, 0], '5': [0, 5, 0]}",0.019900798797607422,48.38999999999999,CV-VQE,1538.74,"{'1': [0, 1, 2, 3, 4, 5, 6, 0], '2': [0, 0], '3': [0, 0], '4': [0, 0], '5': [0, 0]}",4204.653621673584,0.03144780794676163,1.0,101
VRP_N6_Vehicles6_Layers=1_MaxIter=100_20260727_051512,VRP,20260727_051512,42,6,6,1,100,1.0,100.0,59.48,"{'1': [0, 1, 0], '2': [0, 2, 0], '3': [0, 3, 0], '4': [0, 4, 0], '5': [0, 6, 0], '6': [0, 5, 0]}",0.004835367202758789,59.48,CV-VQE,1538.74,"{'1': [0, 1, 2, 3, 4, 5, 6, 0], '2': [0, 0], '3': [0, 0], '4': [0, 0], '5': [0, 0], '6': [0, 0]}",4201.978501319885,0.038655003444376564,1.0,101
VRP_N6_Vehicles2_Layers=2_MaxIter=100_20260727_063237,VRP,20260727_063237,42,6,2,2,100,1.0,100.0,28.02,"{'1': [0, 4, 3, 1, 2, 5, 0], '2': [0, 6, 0]}",0.011283159255981445,28.02,CV-VQE,1538.74,"{'1': [0, 1, 2, 3, 4, 5, 6, 0], '2': [0, 0]}",4204.518486738205,0.018209704043568115,1.0,101
VRP_N6_Vehicles3_Layers=2_MaxIter=100_20260727_074244,VRP,20260727_074244,42,6,3,2,100,1.0,100.0,31.409999999999997,"{'1': [0, 3, 1, 2, 5, 0], '2': [0, 6, 0], '3': [0, 4, 0]}",0.027569293975830078,31.409999999999997,CV-VQE,1538.74,"{'1': [0, 1, 2, 3, 4, 5, 6, 0], '2': [0, 0], '3': [0, 0]}",4205.425133705139,0.02041280528224391,1.0,101
VRP_N6_Vehicles4_Layers=2_MaxIter=100_20260727_085251,VRP,20260727_085251,42,6,4,2,100,1.0,100.0,39.11,"{'1': [0, 2, 1, 3, 0], '2': [0, 4, 0], '3': [0, 5, 0], '4': [0, 6, 0]}",0.032927513122558594,39.11,CV-VQE,1538.74,"{'1': [0, 1, 2, 3, 4, 5, 6, 0], '2': [0, 0], '3': [0, 0], '4': [0, 0]}",4206.079244375229,0.025416899541183046,1.0,101
VRP_N6_Vehicles5_Layers=2_MaxIter=100_20260727_100303,VRP,20260727_100303,42,6,5,2,100,1.0,100.0,48.38999999999999,"{'1': [0, 1, 3, 0], '2': [0, 4, 0], '3': [0, 2, 0], '4': [0, 6, 0], '5': [0, 5, 0]}",0.01899862289428711,48.38999999999999,CV-VQE,1538.74,"{'1': [0, 1, 2, 3, 4, 5, 6, 0], '2': [0, 0], '3': [0, 0], '4': [0, 0], '5': [0, 0]}",4211.457729101181,0.03144780794676163,1.0,101
VRP_N6_Vehicles6_Layers=2_MaxIter=100_20260727_111317,VRP,20260727_111317,42,6,6,2,100,1.0,100.0,59.48,"{'1': [0, 1, 0], '2': [0, 2, 0], '3': [0, 3, 0], '4': [0, 4, 0], '5': [0, 6, 0], '6': [0, 5, 0]}",0.004942178726196289,59.48,CV-VQE,1538.74,"{'1': [0, 1, 2, 3, 4, 5, 6, 0], '2': [0, 0], '3': [0, 0], '4': [0, 0], '5': [0, 0], '6': [0, 0]}",4212.745492696762,0.038655003444376564,1.0,101
VRP_N6_Vehicles2_Layers=3_MaxIter=100_20260727_123124,VRP,20260727_123124,42,6,2,3,100,1.0,100.0,28.02,"{'1': [0, 4, 3, 1, 2, 5, 0], '2': [0, 6, 0]}",0.011282682418823242,28.02,CV-VQE,1538.74,"{'1': [0, 1, 2, 3, 4, 5, 6, 0], '2': [0, 0]}",4186.578266143799,0.018209704043568115,1.0,101
VRP_N6_Vehicles3_Layers=3_MaxIter=100_20260727_134108,VRP,20260727_134108,42,6,3,3,100,1.0,100.0,31.409999999999997,"{'1': [0, 3, 1, 2, 5, 0], '2': [0, 6, 0], '3': [0, 4, 0]}",0.027362823486328125,31.409999999999997,CV-VQE,1538.74,"{'1': [0, 1, 2, 3, 4, 5, 6, 0], '2': [0, 0], '3': [0, 0]}",4182.928602218628,0.02041280528224391,1.0,101
VRP_N6_Vehicles4_Layers=3_MaxIter=100_20260727_145056,VRP,20260727_145056,42,6,4,3,100,1.0,100.0,39.11,"{'1': [0, 2, 1, 3, 0], '2': [0, 4, 0], '3': [0, 5, 0], '4': [0, 6, 0]}",0.03401064872741699,39.11,CV-VQE,1538.74,"{'1': [0, 1, 2, 3, 4, 5, 6, 0], '2': [0, 0], '3': [0, 0], '4': [0, 0]}",4186.984671115875,0.025416899541183046,1.0,101
