{
    "experiment_id": "VRP_N3_V2_s42_20260724_040052",
    "problem_type": "VRP",
    "timestamp": "20260724_040052",
    "seed": 42,
    "n_cities": 3,
    "num_vehicles": 2,
    "p_layers": 1,
    "max_iter": 50,
    "momentum_mass": 1.0,
    "lmbda": 100.0,
    "exact_cost": 32.31,
    "exact_route": {
        "1": [
            0,
            1,
            2,
            0
        ],
        "2": [
            0,
            3,
            0
        ]
    },
    "exact_time_sec": 7.033348083496094e-05,
    "ground_state_energy": 32.31,
    "solver_name": "CV-VQE",
    "quantum_cost": 324.05,
    "quantum_route": {
        "1": [
            0,
            1,
            2,
            3,
            0
        ],
        "2": [
            0,
            0
        ]
    },
    "quantum_time_sec": 6.005014181137085,
    "approx_ratio": 0.09970683536491283,
    "success_probability": 1.0,
    "evaluations_count": 51,
    "optimal_params": [
        0.030471707975443137,
        -0.10399841062404956,
        0.07504511958064573,
        0.0940564716391214,
        -0.19510351886538366,
        -0.13021795068623182,
        0.012784040316728537,
        -0.03162425923435822,
        -0.0016801157504288797,
        -0.08530439275735802,
        0.08793979748628286,
        0.07777919354289484,
        0.006603069756121605,
        0.11272412069680329,
        0.046750934225204564,
        -0.08592924628832382,
        0.036875078408249884,
        -0.0958882600828999,
        0.08784503013072725,
        -0.00499259109862529,
        -0.018486236354526057
    ],
    "cost_history": [
        324.05,
        324.05,
        324.05,
        324.05,
        324.05,
        324.05,
        324.05,
        324.05,
        324.05,
        324.05,
        324.05,
        324.05,
        324.05,
        324.05,
        324.05,
        324.05,
        324.05,
        324.05,
        324.05,
        324.05,
        324.05,
        324.05,
        324.05,
        324.05,
        324.05,
        324.05,
        324.05,
        324.05,
        324.05,
        324.05,
        324.05,
        324.05,
        324.05,
        324.05,
        324.05,
        324.05,
        324.05,
        324.05,
        324.05,
        324.05,
        324.05,
        324.05,
        324.05,
        324.05,
        324.05,
        324.05,
        324.05,
        324.05,
        324.05,
        324.05,
        324.05
    ]
}