{
    "experiment_id": "VRP_N4_V2_s42_20260724_040126",
    "problem_type": "VRP",
    "timestamp": "20260724_040126",
    "seed": 42,
    "n_cities": 4,
    "num_vehicles": 2,
    "p_layers": 1,
    "max_iter": 60,
    "momentum_mass": 1.0,
    "lmbda": 100.0,
    "exact_cost": 27.349999999999998,
    "exact_route": {
        "1": [
            0,
            1,
            4,
            2,
            0
        ],
        "2": [
            0,
            3,
            0
        ]
    },
    "exact_time_sec": 0.0002753734588623047,
    "ground_state_energy": 27.349999999999998,
    "solver_name": "CV-VQE",
    "quantum_cost": 627.98,
    "quantum_route": {
        "1": [
            0,
            1,
            2,
            3,
            4,
            0
        ],
        "2": [
            0,
            0
        ]
    },
    "quantum_time_sec": 3.7552669048309326,
    "approx_ratio": 0.04355234243128762,
    "success_probability": 1.0,
    "evaluations_count": 61,
    "optimal_params": [
        0.030471707975443137,
        -0.10399841062404956,
        0.07504511958064573,
        0.0940564716391214,
        -0.19510351886538366,
        -0.13021795068623182,
        0.012784040316728537,
        -0.03162425923435822,
        -0.0016801157504288797,
        -0.08530439275735802,
        0.08793979748628286,
        0.07777919354289484,
        0.006603069756121605,
        0.11272412069680329,
        0.046750934225204564,
        -0.08592924628832382,
        0.036875078408249884,
        -0.0958882600828999,
        0.08784503013072725,
        -0.00499259109862529,
        -0.018486236354526057,
        -0.06809295444039414,
        0.12225413386740303,
        -0.015452948206880215,
        -0.042832782216310726,
        -0.03521335504882296,
        0.05323091855533488,
        0.036544406436407835,
        0.04127326115959884,
        0.043082100300788274,
        0.21416476008704613,
        -0.04064150163846156
    ],
    "cost_history": [
        627.98,
        627.98,
        627.98,
        627.98,
        627.98,
        627.98,
        627.98,
        627.98,
        627.98,
        627.98,
        627.98,
        627.98,
        627.98,
        627.98,
        627.98,
        627.98,
        627.98,
        627.98,
        627.98,
        627.98,
        627.98,
        627.98,
        627.98,
        627.98,
        627.98,
        627.98,
        627.98,
        627.98,
        627.98,
        627.98,
        627.98,
        627.98,
        627.98,
        627.98,
        627.98,
        627.98,
        627.98,
        627.98,
        627.98,
        627.98,
        627.98,
        627.98,
        627.98,
        627.98,
        627.98,
        627.98,
        627.98,
        627.98,
        627.98,
        627.98,
        627.98,
        627.98,
        627.98,
        627.98,
        627.98,
        627.98,
        627.98,
        627.98,
        627.98,
        627.98,
        627.98
    ]
}