{
    "experiment_id": "VRP_N4_V2_s42_20260723_225122",
    "problem_type": "VRP",
    "timestamp": "20260723_225122",
    "seed": 42,
    "n_cities": 4,
    "num_vehicles": 2,
    "p_layers": 1,
    "max_iter": 60,
    "momentum_mass": 1.0,
    "lmbda": 100.0,
    "exact_cost": 27.349999999999998,
    "exact_route": {
        "1": [
            0,
            1,
            4,
            2,
            0
        ],
        "2": [
            0,
            3,
            0
        ]
    },
    "exact_time_sec": 0.00029587745666503906,
    "ground_state_energy": 27.349999999999998,
    "solver_name": "CV-VQE",
    "quantum_cost": 27.349999999999998,
    "quantum_route": {
        "1": [
            0,
            3,
            0
        ],
        "2": [
            0,
            1,
            4,
            2,
            0
        ]
    },
    "quantum_time_sec": 0.028436660766601562,
    "approx_ratio": 1.0,
    "success_probability": 1.0,
    "evaluations_count": 52,
    "optimal_params": [
        2.1236203565420873,
        3.8521429192297485,
        3.1959818254342154,
        2.79597545259111,
        2.1560186404424364,
        2.1559945203362028,
        1.0580836121681996,
        1.866176145774935
    ],
    "cost_history": [
        128.68,
        28.680000000000003,
        133.0,
        28.680000000000003,
        28.48,
        27.349999999999998,
        122.53,
        27.349999999999998,
        27.349999999999998,
        127.35,
        27.349999999999998,
        27.349999999999998,
        27.349999999999998,
        27.349999999999998,
        27.349999999999998,
        122.53,
        27.349999999999998,
        27.349999999999998,
        27.349999999999998,
        27.349999999999998,
        27.349999999999998,
        27.349999999999998,
        27.349999999999998,
        27.349999999999998,
        27.349999999999998,
        27.349999999999998,
        27.349999999999998,
        27.349999999999998,
        27.349999999999998,
        27.349999999999998,
        27.349999999999998,
        27.349999999999998,
        27.349999999999998,
        27.349999999999998,
        27.349999999999998,
        27.349999999999998,
        27.349999999999998,
        27.349999999999998,
        27.349999999999998,
        27.349999999999998,
        27.349999999999998,
        27.349999999999998,
        27.349999999999998,
        27.349999999999998,
        27.349999999999998,
        27.349999999999998,
        27.349999999999998,
        27.349999999999998,
        27.349999999999998,
        27.349999999999998,
        27.349999999999998,
        27.349999999999998
    ]
}