{
    "experiment_id": "TSP_N4_s42_20260723_225121",
    "problem_type": "TSP",
    "timestamp": "20260723_225121",
    "seed": 42,
    "n_cities": 4,
    "num_vehicles": 1,
    "p_layers": 1,
    "max_iter": 60,
    "momentum_mass": 1.0,
    "lmbda": 50.0,
    "exact_cost": 24.05,
    "exact_route": [
        0,
        1,
        2,
        3,
        0
    ],
    "exact_time_sec": 4.982948303222656e-05,
    "ground_state_energy": 24.05,
    "solver_name": "CV-VQE",
    "quantum_cost": 3.470997094083865e-32,
    "quantum_route": [
        4,
        4,
        0,
        0
    ],
    "quantum_time_sec": 6.050256729125977,
    "approx_ratio": 6.928844752129578e+32,
    "success_probability": 7.708167659658695e-35,
    "evaluations_count": 60,
    "optimal_params": [
        8.848933550077584,
        0.6290617796235939,
        4.529725621182924,
        1.4814162857816324,
        -0.1048089265721114,
        0.19974625488468245,
        -0.1549883622327787,
        2.7923884444154927,
        -0.07900848458508353,
        3.7633464505639083,
        0.2108432828743677,
        2.1560772487762083,
        2.792757936965351,
        0.38857673899416767,
        0.7413019922007603
    ],
    "cost_history": [
        199.2431403347737,
        168.80806307118434,
        168.7798863141092,
        154.499924163208,
        154.15513213758652,
        159.61310647080876,
        154.36730715883976,
        158.69631505708372,
        154.155125862344,
        154.28124564599256,
        153.97783247784764,
        154.29268919737734,
        153.9772438054244,
        151.43680579213773,
        163.36723187981676,
        151.43670135284862,
        80.79348055099055,
        8.416766583436472,
        0.09337429894772704,
        0.0721210588795862,
        0.07843137639614986,
        0.1232763102090911,
        0.03888776368373269,
        0.018366053529056563,
        0.022890805029067797,
        0.01245820419649072,
        0.015034092270256615,
        0.009523935296424323,
        0.008533138103059603,
        0.005094388186519652,
        0.005244128634749894,
        0.004109100824469605,
        0.0038047563451545285,
        1.9179800110687135e-06,
        8.139207925266954e-06,
        9.658424971171903e-08,
        1.1898923462626998e-07,
        3.578841445918524e-08,
        2.2139058250859927e-08,
        1.2211981705354311e-09,
        1.2572094528375658e-09,
        3.0178372111701336e-11,
        2.945211809186138e-11,
        1.6167641839779007e-13,
        1.4280129007714006e-13,
        4.192691926592366e-17,
        8.632818607501923e-17,
        2.788822640255293e-16,
        1.1482223413563576e-17,
        3.4650405018164626e-17,
        8.542596361239709e-19,
        3.505615854232802e-20,
        2.9626959654430704e-20,
        2.090253982782196e-20,
        4.925192113777494e-22,
        1.5001566674118404e-24,
        1.8763451445295106e-24,
        1.3192678053582214e-27,
        1.5621681293749698e-27,
        3.470997094083865e-32
    ]
}